,id,place,weight_lbs,grower_name,city,state_prov,country,gpc_site,seed_mother,pollinator_father,ott,est_weight,pct_chart,variety,dataset_id,weight_kg,weight_class
0,2013-P,455,921.3425313167772,"Cristian, Danesi",Sinalunga,Other,Italy,Pesa la Zucca! Foiano,,,343.7082790710967,859.3454659444676,0.0,Wolf,1,417.9136014650396,medium
2,2018-P,1395,339.00635696284814,"Schoffnegger, Guenther",,Styria,Austria,Austrian Weigh-off,1032 Klein,,0.0,0.0,0.0,Connecticut Field,1,153.7705714674922,light
8,2017-P,1184,427.7965277083029,"Langenlois, Gartenbauschule",Baerndorf,Lower Austria,Austria,Austrian Weigh-off,Blaimschein 14,,0.0,0.0,0.0,Blue Hubbard,1,194.04508259626454,light
24,2013-P,693,650.616377057635,"Raduazzo, Leonardo",Corazzano,Other,Italy,Festa della zucca di sale,1279 Bartoli,1420 Cutrupi,298.71244192444493,692.3502323969418,0.0,Cinderella,1,295.11438370232673,medium
65,2014-P,959,605.7188852069532,"Jaglarz, Mario",,Other,Austria,Austrian Weigh-off,934 Schieder,,285.8827170832146,642.9791624015543,3.1669953583811137,Atlantic Giant,1,274.74924057879235,medium
67,2014-P,285,1263.197230993964,"Cutrupi, Stefano",Novellara,Emilia-Romagna,Italy,Campionato dello Zuccone,1985 Miller,1625 Gantner,399.75782245654295,1274.8446255556662,0.0,Cinderella,1,572.9761584010141,heavy
80,2018-P,807,801.5123873133267,"Asta, Carmelo",,Other,Italy,Festa della zucca di sale,1333 garofano,767 louse,301.6987212087408,714.2094392832682,9.050548829797313,Blue Hubbard,1,363.5596067862265,medium
93,2019-P,1627,101.4488301345216,"Moretti, Sergio",Foiano della Chiana,Tuscany,Italy,Pesa la Zucca! Foiano,,,145.77139404807758,92.38916702451915,10.03767038792524,Blue Hubbard,1,46.01637775837792,light
111,2017-P,1483,176.74139027718508,"Gregori, Stefano",,Lombardy,Italy,Festa della zucca di sale,unknow,unknow,189.3497413984213,152.87183660520932,11.594942909510031,Cinderella,1,80.16848069860893,light
141,2017-P,1190,392.0805972247969,"Spreafico, Luca",Dogliani,Piedmont,Italy,Sfida degli Zucconi della Brianza,"1111,5 Berard","1297,5 Young",254.41705877209844,409.6423160433606,1.033590674646952,Early Giant,1,177.84462225639007,light
142,2018-P,691,831.4073023854617,"Rodler, Bernd",,Lower Austria,Austria,Europameisterschaft im Kurbiswiegen,2269 Paton,2145 McMullen,327.5239088821761,931.9677401156434,0.0,Blue Hubbard,1,377.1197011036263,medium
193,2015-P,1721,111.3712719666521,"Valentini, Berenice",Artogne,Other,Italy,Festa della zucca di sale,,,0.0,0.0,0.0,Dill's Atlantic,1,50.517117993897656,light
221,2016-P,1121,572.4880017081374,"Bauer, Doris",Wien,Lower Austria,Austria,Austrian Weigh-off,,self,309.6081634693055,635.3134508070048,0.0,Spirit,1,259.67597767079747,medium
224,2021-P,307,1217.677534692555,"Chiti, Davide",Rimini,Emilia-Romagna,Italy,Campionato dello Zuccone,2294 Noel,Self,371.774954177725,1107.6744301599376,3.980689415811393,Early Giant,1,552.3287883162653,heavy
264,2016-P,EXH,352.5370616848988,"Tranfaglia, Az. Agr. Valdichiana Funghi",Terricciola,Tuscany,Italy,Campionato dello Zuccone,,,252.01591457125252,,0.0,Spirit,1,159.90799088377662,light
277,2017-P,629,892.0866029476684,"Zucconi, Club degli",Arezzo,Other,Italy,Pesa la Zucca! Foiano,,,365.60639630742486,1078.6915484209585,0.0,Connecticut Field,1,404.6433464042388,medium
286,2013-P,EXH,509.1849758329658,"Joebstl, Horst",Gr. Gerungs,Lower Austria,Austria,Austrian Weigh-off,,,0.0,0.0,0.0,Big Max,1,230.96223155802662,medium
287,2013-P,1193,306.49663721826323,"Felappi, Lorenzo",Marone,Other,Italy,Campionato dello Zuccone,899 Cutrupi,Open,0.0,0.0,0.0,Spirit,1,139.02442266910646,light
288,2013-P,EXH,529.0422651026762,"Gartenbauschule Langenlois, Team Schaugarten",,Other,Austria,Austrian Weigh-off,,,0.0,0.0,0.0,Prizewinner,1,239.9693391124531,medium
306,2015-P,1288,425.6051528850491,"BalestriBina, Marroni Nazzaeno",,Other,Italy,Festa della zucca di sale,,,251.43421052354944,387.1543679581943,8.31119779257412,Wolf,1,193.0510925074352,light
336,2020-P,213,1398.8141617636022,"Puehringer, Beate",Walpersbach,Lower Austria,Austria,Retzer Land Weigh-off,1527 Melka,1594 Melka,420.4172814589574,1403.2452337411514,0.0,Casper,1,634.4909132626758,heavy
364,2013-P,1198,303.9477827665359,"Spreafico, Luca",Siena,Other,Italy,Pesa la Zucca! Foiano,,,229.2372616171928,303.01888234469453,3.086092761630945,Spirit,1,137.86828268063854,light
372,2021-P,372,1115.127483277926,"Melka, Friedrich",Riederberg,Lower Austria,Austria,Retzer Land Weigh-off,1819 Mendi 19,1225.8 Kurzreiter 20,383.2733793307489,1286.2651636416138,0.0,Early Giant,1,505.81290539500105,heavy
409,2018-P,EXH,350.2650921212086,"Melka, Friedrich",St. Michael,Carinthia,Austria,Austrian Weigh-off,368 Joebstl,,0.0,0.0,0.0,Atlantic Giant,1,158.87744366544325,light
426,2021-P,570,901.5168241458122,"Asta, Carmelo",,Lombardy,Italy,Sfida degli Zucconi della Brianza,2416 Haist,2183 Mendi,325.0361041587835,,12.154220478881586,Cinderella,1,408.9208192979472,medium
432,2016-P,DMG,679.5460099225489,"Bartoli, Fabio e Gabriele",Terricciola,Tuscany,Italy,Campionato dello Zuccone,,,305.2864400212465,668.6377538730363,0.0,Big Moose,1,308.2366337327888,medium
445,2018-P,EXH,665.8870766230272,"Asta, Carmelo",Castelfiorentino,Tuscany,Italy,Pesa la Zucca! Foiano,,,304.01326570675684,707.0317826012947,0.0,Prizewinner,1,302.04105085959213,medium
461,2014-P,533,1030.8241775954384,"Buechele, Franz",,Other,Austria,Austrian Weigh-off,1749 Hanschmann,1222 Wuersching,349.7569463812132,951.3271526975328,2.057428849522436,Cinderella,1,467.57360036387007,heavy
500,2021-P,1,2631.7928302811674,"Turmolli, Andrea",Peccioli,Tuscany,Italy,Campionato dello Zuccone,1885.5 Werner,Self,532.0755764244356,2727.991079089089,6.132386536181203,Howden,1,1193.7601734728953,heavy
564,2014-P,863,675.0852494005826,"Buechele, Franz",,Other,Austria,Austrian Weigh-off,934 Schieder,,303.8851888790882,737.1538687263629,0.0,Rouge Vif d’Etampes,1,306.21326844610905,medium
567,2021-P,602,889.4117165807264,"Aininger, Gerald",Riederberg,Vienna,Austria,Leiserberge Weigh-off,1126.6 Melka,2226.7 Boonen,,975.85130014678,0.0,Dill's Atlantic,1,403.43003934728483,medium
575,2018-P,998,658.7787286918998,"Kloch, Kevin",Dietersdorf,Lower Austria,Austria,Austrian Weigh-off,,,0.0,0.0,0.0,Champion,1,298.81676110481624,medium
596,2018-P,EXH,625.2095285137221,"Blaimschain, Karl",St. Michael,Carinthia,Austria,Austrian Weigh-off,1415 Melka,,,0.0,0.0,Autumn Gold,1,283.5900404575963,medium
603,2019-P,EXH,229.6440379711717,"Andrea, Anna e Pato, Turmolli",Sirtori,Lombardy,Italy,Sfida degli Zucconi della Brianza,"1257,7 Petrelli",Self,214.54406832217765,225.5296434949068,0.0,Connecticut Field,1,104.16469847141971,light
614,2021-P,1000,413.6824990476218,"Markl, Michael",Tulbing,Lower Austria,Austria,Retzer Land Weigh-off,421.1 Team Bauhof  20,self,267.13449428693133,466.6262247632241,0.0,Connecticut Field,1,187.64307210800885,light
629,2014-P,273,1205.644135395993,"Pennati, Federico",Arezzo,Other,Italy,Pesa la Zucca! Foiano,1874.5 Mathison,1625 Ganter,382.3660003469452,1290.310708401978,0.0,Atlantic Giant,1,546.8705346625393,heavy
659,2014-P,39,1637.2113159639437,"Rosati, Loris",Foiano della Chiana,Tuscany,Italy,Campionato dello Zuccone,2009 Wallace,1789 Wallace,441.4485265494007,1624.4138858485665,0.0,Rouge Vif d’Etampes,1,742.6259552307172,heavy
700,2017-P,1174,483.9230245850687,"Ferretti, Giulio",,Lombardy,Italy,Festa della zucca di sale,Cabanon,Cabanon,304.1674961298883,573.9211941590611,0.0,Howden,1,219.50361256759047,light
708,2014-P,273,1268.700038767492,"roberto, morettini",Pontedera,Other,Italy,Pesa la Zucca! Foiano,1874.5 Mathison,1625 Ganter,401.0059787763377,1252.972926417453,0.0,Cinderella,1,575.4721879846243,heavy
725,2015-P,468,1179.1383743169372,"., Fratelli Mori",Vimercate,Lombardy,Italy,Festa della zucca di sale,,,380.69588972218594,1120.2664025482527,6.858977383064362,Connecticut Field,1,534.8477334831682,heavy
732,2020-P,EXH,2001.2622812581017,"Cutrupi, Stefano",Valiano di Montepulciano,Tuscany,Italy,Campionato dello Zuccone,2226 Boonen,Self,439.9896366654646,1724.367894777965,6.946299847299726,Spirit,1,907.7565606804249,heavy
763,2021-P,242,1308.4042052578357,"Cassella, Salvatore",Malonno,Lombardy,Italy,Sfida Nazionale della Zucca - Club Maspiano,1542 URENA,1542 URENA,385.2859273674861,1345.9896020693695,1.016679692747564,Prizewinner,1,593.4816802713121,heavy
767,2019-P,664,923.2693843835082,"Rodler, Bernd",Riederberg,Lower Austria,Austria,Gartenbauschule Langenlois,2152 Gantner,self,363.9390560929147,1000.8190508565136,0.0,Big Max,1,418.7876066012842,medium
788,2013-P,58,1408.0631737699875,"Melka, Friedrich",,Lower Austria,Austria,Austrian Weigh-off,1382 Bryson,,404.1134810603995,1265.9988821336503,2.1554489212111725,Autumn Gold,1,638.6861911166761,heavy
812,2019-P,EXH,195.8470177113454,"Ferretti, Giulio",Sirtori,Lombardy,Italy,Sfida degli Zucconi della Brianza,"1257,7 Petrelli",Self,197.7167408361667,201.93932206756412,0.0,Spirit,1,88.83464045772457,light
813,2015-P,984,631.6487306645287,"Puchner, Ulrike",Haag am Hausruck,Upper Austria,Austria,Austrian Weigh-off,1033 Fischer 14,,318.2148276253978,858.5839439809225,0.0,Cinderella,1,286.5108110395849,medium
858,2013-P,1085,398.5544055955157,"Falchi, Brunero",,Other,Italy,Pesa la Zucca! Foiano,,,218.6671294791313,252.9982940915725,63.45839772380225,Atlantic Giant,1,180.78108994288115,light
908,2016-P,1218,449.4439367716741,"Kurzreiter, Lukas",Doerfles,Lower Austria,Austria,Austrian Weigh-off,1861.8 Cutrupi,,0.0,0.0,0.0,Champion,1,203.8641741681372,light
944,2014-P,995,602.8124598580409,"Reischer, JZB Kindergruppe",Gols,Burgenland,Austria,Austrian Weigh-off,,,287.23024526878766,553.1278655087048,4.975816735296859,Big Moose,1,273.4309092919285,medium
967,2013-P,1305,222.9356153400975,"Schieder, Christoph",,Other,Austria,Austrian Weigh-off,,,0.0,0.0,0.0,Big Moose,1,101.12181163334552,light
970,2018-P,656,828.9005862238598,"Scali, Guido",Reggio Emilia,Other,Italy,Pesa la Zucca! Foiano,,,328.1869262853949,905.2328553571868,1.007162374449052,Early Giant,1,375.982674706453,medium
978,2018-P,896,717.6333154172161,"Blaimschain, Karl",,Lower Austria,Austria,Austrian Weigh-off,,,338.01842841851885,859.6168719775369,0.0,Cinderella,1,325.51273080672587,medium
979,2019-P,EXH,628.3531389116172,"Marta, Gervasoni",Malonno,Lombardy,Italy,Sfida degli Zucconi della Brianza,2012 Salvagni,Self,303.54964670408987,608.5543064858504,7.825337941439589,Rouge Vif d’Etampes,1,285.0159569851983,medium
993,2014-P,830,761.7721657488315,"Herzog-Wittmann, Florian",Ernstbrunn,Lower Austria,Austria,Austrian Weigh-off,1474 Mathias,,327.7163630240846,896.3717123051306,0.0,Howden,1,345.53376020634397,medium
1023,2015-P,678,972.827770410826,"Marroni, Nazzareno",,Other,Italy,Festa della zucca di sale,,,360.4881710055076,1013.3331422273184,0.0,Casper,1,441.2668940361874,medium
1032,2014-P,959,701.075243669757,"Joebstl, Horst",,Other,Austria,Austrian Weigh-off,934 Schieder,,310.11254932199233,704.6097702788111,3.0003135430413908,Blue Hubbard,1,318.0021219266524,medium
1036,2019-P,EXH,1022.1952959374524,"Giustarini, Vinicio",Castiglion Fiorentino,Tuscany,Italy,Pesa la Zucca! Foiano,,,317.5477675062152,733.3186854833675,35.00387972974083,Casper,1,463.6596086748609,heavy
1040,2013-P,421,944.648208012984,"., Francesco",Foiano della Chiana,Other,Italy,Pesa la Zucca! Foiano,1690 Maier,open,378.9456440471645,1145.6917103012586,0.0,Dill's Atlantic,1,428.48486996902545,medium
1047,2017-P,DMG,331.67752360741514,"Giustarini, Vinicio",Foiano della Chiana,Tuscany,Italy,Campionato dello Zuccone,1521 Cutrupi,Open,239.62194564925383,350.50322425326806,0.0,Cinderella,1,150.44627128813465,light
1067,2014-P,1040,596.4225611886901,"Freyberger, Dmytro",Dietersdorf,Lower Austria,Austria,Austrian Weigh-off,,,304.3952165035516,659.8262713225539,0.0,Big Moose,1,270.5325023747003,medium
1090,2018-P,1647,131.88172415991184,"Puchner, Thomas",Riederberg,Vienna,Austria,Austrian Weigh-off,,open,0.0,0.0,0.0,Early Giant,1,59.82049502514273,light
1133,2016-P,EXH,724.3612630766203,"Hoefler, Norbert",Schiltern,Lower Austria,Austria,Austrian Weigh-off,1975 Wallace,1985 Miller,348.41673896557813,795.8851838123819,0.0,Atlantic Giant,1,328.56447404145035,medium
1135,2018-P,EXH,559.8565262790862,"Prandi, Giuseppe",,Tuscany,Italy,Pesa la Zucca! Foiano,,,278.24529877514766,669.0396153975196,0.0,Prizewinner,1,253.94644146798328,medium
1163,2015-P,EXH,390.3977714108307,"Tosoni, Matteo",Dragoni,Campania,Italy,Campionato dello Zuccone,1692 McMullen,Self,0.0,0.0,0.0,Blue Hubbard,1,177.08130592978154,light
1169,2016-P,948,681.2974659177894,"Blaimschain, Karl",St. Michael,Carinthia,Austria,Austrian Weigh-off,2020 Werner,,316.9940815000598,682.284694107157,0.0,Big Max,1,309.03108016058195,medium
1223,2021-P,EXH,992.502119335434,"Bertone, Andrea",Semproniano,Tuscany,Italy,Campionato dello Zuccone,2350 Gienger,2552 Mendi,370.3484026662641,1039.1762446904113,0.0,Wolf,1,450.1910213135982,medium
1234,2020-P,711,748.399477756832,Vincenzo Italiano,Terricciola,Tuscany,Italy,Campionato dello Zuccone,923.7 Asta,Open,324.0987633368382,825.8181674045524,0.0,Champion,1,339.4680159146769,medium
1238,2013-P,1341,209.5399710853125,"Comanducci, .",Capraia e Limite,Other,Italy,Pesa la Zucca! Foiano,,,211.7833914766952,212.33127976230125,0.0,Big Max,1,95.04565456452906,light
1250,2014-P,830,734.6181163337374,"Schieder, Christoph",Baerndorf,Lower Austria,Austria,Austrian Weigh-off,1474 Mathias,,332.95667669673804,819.9400092941086,0.0,Casper,1,333.2169006240526,medium
1266,2015-P,1755,78.97153861444741,"Markl, Michael",Berndorf,Other,Austria,Austrian Weigh-off,,,0.0,0.0,0.0,Atlantic Giant,1,35.82085814320443,light
1274,2018-P,1408,299.80232112178527,"Pezza, Davide",Goito,Lombardy,Italy,Sfida degli Zucconi della Brianza,,,224.0499190982192,268.39360366270347,15.805880755625644,Spirit,1,135.98793444227283,light
1344,2019-P,EXH,196.37956744157717,"Tosoni, Matteo",Godiasco,Lombardy,Italy,Sfida degli Zucconi della Brianza,"1257,7 Petrelli",Self,210.256914070127,203.2630054523976,0.0,Howden,1,89.07620075495987,light
1350,2018-P,EXH,658.0078777666056,"Melka, Friedrich",St. Margarethen,Carinthia,Austria,Austrian Weigh-off,1415 Melka,,0.0,0.0,0.0,Prizewinner,1,298.46710929191016,medium
1363,2015-P,1454,320.50318001914,"Unger, Michael",,Other,Austria,Austrian Weigh-off,716 Team Biggis 12,,0.0,0.0,0.0,Connecticut Field,1,145.37767843124175,light
1373,2018-P,575,1005.166799703686,"Melka, Friedrich",Tulln,Lower Austria,Austria,Austrian Weigh-off,1080.9 Melka,2145 McMullen,336.67711565526787,914.0943233780844,1.999177263059417,Prizewinner,1,455.9356190111943,heavy
1384,2015-P,331,1181.9133368472994,"Sant'Antonio, Istituto",Arezzo,Other,Italy,Festa della zucca di sale,,,376.0306604689827,1077.782433709718,17.022689662203486,Casper,1,536.1064342872403,heavy
1422,2014-P,1591,159.33420891250637,"Inzillo, Pasquale",Foiano della Chiana,Other,Italy,Campionato dello Zuccone,952 Bartoli,Open,195.1731288872294,206.18318750050184,0.0,Spirit,1,72.27272248904158,light
1423,2017-P,1124,473.69264575527,"Squitieri, Danilo",Marone,Lombardy,Italy,Sfida degli Zucconi della Brianza,"1790,5 Wallace",self,271.8884217168128,447.8859823305101,3.9642154401040015,Champion,1,214.86319457342444,light
1428,2014-P,1439,306.27898394325445,"Kreuzspiegl, Thomas",St. Margarethen,Carinthia,Austria,Austrian Weigh-off,,,0.0,0.0,,Cinderella,1,138.92569688478866,light
1435,2020-P,1220,218.01216157219463,"Milani, Joele",Marone,Lombardy,Italy,Sfida degli Zucconi della Brianza,"1997,4 BOONEN HERMAN",self,217.14905101197112,216.5166115459954,2.0149443728242424,Early Giant,1,98.88857239185491,light
1436,2015-P,1125,613.3608836824113,"Deri , Giacomo",,Other,Italy,Pesa la Zucca! Foiano,,,312.44877711956843,587.0832307674319,0.0,Autumn Gold,1,278.2155899512723,medium
1437,2014-P,370,1063.3522960827854,"Kittenberger, Christian",Bad Voeslau,Lower Austria,Austria,Austrian Weigh-off,1222 Wuersching,1749 Hanschmann,375.56654200231367,1103.446048592608,0.0,Atlantic Giant,1,482.3280946847828,heavy
1452,2017-P,1500,134.6354396978912,"Zecchini, Fernando",Casatenovo,Lombardy,Italy,Festa della zucca di sale,unknow,unknow,178.87786643975883,129.06910551931873,9.641649921639164,Jack O'Lantern,1,61.069558363445864,light
1491,2014-P,773,792.9337208764168,"Puchner, Ulrike",Pruggern,Styria,Austria,Austrian Weigh-off,934 Schieder,,335.9511343382011,769.4392883258935,2.015049388682893,Champion,1,359.66839231977565,medium
1499,2016-P,243,1356.2538812794971,"Melka, Friedrich",,Lower Austria,Austria,Austrian Weigh-off,1338 Martin,1575.5 Werner,397.4387130245894,1291.0101111053718,0.0,Rouge Vif d’Etampes,1,615.1859105173296,heavy
1541,2021-P,1157,241.96567234884628,"Andreoli, Gianfranco",Poggiridenti,Lombardy,Italy,Sfida Nazionale della Zucca - Club Maspiano,2008 CUTRUPI,BARESI,212.1852265210793,251.4218900862912,4.931325074292731,Atlantic Giant,1,109.75369325205789,light
1542,2018-P,450,1158.1434907835262,"Brandstetter, Hannes",Wien,Vienna,Austria,Slovenian Weigh-off,2145 McMullen,2269 Paton,392.5306889463883,,0.0,Howden,1,525.3246222714812,heavy
1557,2013-P,1106,376.5414948079769,"Boschi, Valerio",Artogne,Other,Italy,Festa della zucca di sale,,,249.7067701208523,346.36199360415424,8.900858687282334,Howden,1,170.79620971293986,light
1562,2020-P,873,588.2922865867597,"Kurzreiter, Lukas",Neustift,Styria,Austria,Austrian Weigh-off,Melka,,299.62678369207225,582.2152659229213,3.983373182757477,Dill's Atlantic,1,266.8446748574615,medium
1590,2021-P,700,776.752884699153,"Puchner, Thomas",Wien,Vienna,Austria,Tharinger Meisterschaft,2139 Skonager,2139 Skonager,356.87781541296295,996.1435631800482,0.0,Wolf,1,352.32889447645823,medium
1596,2018-P,1727,53.98815104651061,"Rodler, Rita",,Other,Austria,Austrian Weigh-off,31 Teichmann 17 UOW,,0.0,0.0,0.0,Blue Hubbard,1,24.48859340948884,light
1628,2018-P,691,867.8590032421919,"Hoefler, Norbert",Retz,Lower Austria,Austria,Europameisterschaft im Kurbiswiegen,2269 Paton,2145 McMullen,352.7085071460383,882.5858924860637,0.0,Big Moose,1,393.6539009986323,medium
1663,2017-P,1321,291.1995607811844,"Benedikt, Gottfried",Riederberg,Lower Austria,Austria,Austrian Weigh-off,Clementz,,0.0,0.0,0.0,Big Moose,1,132.085791173859,light
1666,2021-P,501,972.387089643186,"Arrigucci, Gabriele",Calcio,Lombardy,Italy,Sfida degli Zucconi della Brianza,,Self,376.8666934803974,1134.574720628367,0.0,Early Giant,1,441.067004765432,medium
1672,2019-P,881,634.9844196546044,"Reischer, JZB Kindergruppe",Retz,Lower Austria,Austria,Austrian Weigh-off,2043 Clementz,1527.5 Melka,313.82516902009934,740.5437742398959,0.0,Connecticut Field,1,288.0238528799713,medium
1683,2015-P,502,1082.666756154446,"Puchner, Thomas",,Other,Austria,Austrian Weigh-off,1033 Fischer 14,,387.0410342323802,1231.5645553131667,0.0,Prizewinner,1,491.08897925760743,heavy
1697,2020-P,424,1130.7163680936962,"Gangl, Markus",Retz,Lower Austria,Austria,Europameisterschaft im Kurbiswiegen,1527 Melka,,370.7825219353343,1072.462625672378,3.981200916483993,Early Giant,1,512.8838988363559,heavy
1718,2015-P,EXH,283.5502183171566,"Unger, Michael",,Vienna,Austria,Austrian Weigh-off,1751 Lovse 14,,0.0,0.0,0.0,Casper,1,128.61611062691568,light
1731,2013-P,394,936.1947395791578,"Jaglarz, Maximilian",Tulln,Lower Austria,Austria,Austrian Weigh-off,934 Schieder 11,1325 Sperry 11,340.19029407957464,875.4710478015925,1.9567322378015604,Early Giant,1,424.65044431518936,medium
1747,2017-P,EXH,631.1686775757205,"Melka, Friedrich",St. Margarethen,Carinthia,Austria,Austrian Weigh-off,Werner,,307.64346384799194,,0.0,Connecticut Field,1,286.2930627989262,medium
1750,2013-P,1230,278.23639300339306,"Tschida, Josef",,Other,Austria,Austrian Weigh-off,,,0.0,0.0,0.0,Dill's Atlantic,1,126.20580197519506,light
1794,2017-P,1124,475.43165884060886,"Vendepane, Giulio",Malonno,Lombardy,Italy,Sfida degli Zucconi della Brianza,"1790,5 Wallace",self,267.7447117918157,433.85002865415055,4.010658936592125,Dill's Atlantic,1,215.65199699682944,light
1798,2018-P,223,1396.6986227569946,"Bartoli, Ivan",Sale Marasino,Lombardy,Italy,Sfida degli Zucconi della Brianza,1928 Daletas,1810 Werner,396.8614449739396,1346.8410677071424,1.0701990921233415,Cinderella,1,633.5313216935907,heavy
1805,2015-P,1563,222.09520008147152,"Boschi, Valerio",Arezzo,Other,Italy,Campionato dello Zuccone,1254 Bartoli,Open,217.2041399563384,249.6267677224266,0.0,Prizewinner,1,100.74060599535483,light
1806,2016-P,945,610.5343900244428,"Joebstl, Horst",Langenlois,Lower Austria,Austria,Austrian Weigh-off,1790 Wallace,self,312.9295400748271,687.4020447113597,0.0,Casper,1,276.93351503996706,medium
1811,2018-P,1408,333.3427988274349,"Moretti, Sergio",Poggiridenti,Lombardy,Italy,Sfida degli Zucconi della Brianza,,,240.2775307136522,293.13930166857267,15.923896544525588,Jack O'Lantern,1,151.20162680573384,light
1837,2018-P,542,995.7952923759624,"Schieder, Christoph",Riederberg,Vienna,Austria,Tharinger Meisterschaft,2095 Willemijns,2145 MC Mullen,360.8123077476443,1145.1142828067032,0.0,Rouge Vif d’Etampes,1,451.68477825939755,medium
1848,2013-P,73,1478.3656226783532,"Moranda, Laura",Buja,Other,Italy,Festa della zucca di sale,,1789 Wallace,417.3286509889393,1510.6158839725144,0.9628842535830432,Jack O'Lantern,1,670.5748195219196,heavy
1885,2016-P,DMG,1402.257762576975,"Asta, Carmelo",Novellara,Emilia-Romagna,Italy,Campionato dello Zuccone,2017 Martin,open,412.6227849845355,1329.5501484034758,8.584427248859559,Jack O'Lantern,1,636.0529030428153,heavy
1887,2013-P,969,480.8061329852766,"., Fratelli Mori",Gallignano,Other,Italy,Festa della zucca di sale,,,267.076406285793,459.3173041374927,8.335616786553768,Big Moose,1,218.08981547305757,light
1890,2019-P,1567,144.36556913287566,"Angelo e Giovanni, Az. Agr.",Novellara,Emilia-Romagna,Italy,Campionato dello Zuccone,165 Wild,Open,0.0,0.0,0.0,Autumn Gold,1,65.48306723411933,light
1901,2019-P,358,1179.5589286600753,"Valentini, Maurizio",Garlate,Lombardy,Italy,Sfida degli Zucconi della Brianza,2012 Salvagni,Self,374.4868018382157,1231.174713276323,0.0,Jack O'Lantern,1,535.0384935687808,heavy
1904,2016-P,1373,316.2900339132585,"Romoli, Giorgia Syria",Foiano della Chiana,Tuscany,Italy,Campionato dello Zuccone,,,242.0236354207688,289.3063073410989,6.956818032350695,Atlantic Giant,1,143.46662906278277,light
1905,2020-P,EXH,422.2660292352365,"Zanotti, Walter",Terricciola,Tuscany,Italy,Pesa la Zucca! Foiano,,,261.6996895759424,420.9957894909781,0.0,Rouge Vif d’Etampes,1,191.5364927328694,light
1907,2019-P,970,536.5514624629501,"Melka, Friedrich",Schiltern,Lower Austria,Austria,Austrian Weigh-off,1311.1 Mathias 17,sibb,319.8806848001991,682.5439520737538,0.0,Prizewinner,1,243.37545096149447,medium
1933,2016-P,DMG,1307.9814669675186,"Italiano, Vincenzo",Novellara,Emilia-Romagna,Italy,Campionato dello Zuccone,2017 Martin,open,385.0039700027161,1257.9590888335306,9.19410480220854,Atlantic Giant,1,593.2899295647306,heavy
1944,2013-P,EXH,834.4740774238508,Team Schaugarten Kittenberger Erlebnisgaertnen,,Lower Austria,Austria,Austrian Weigh-off,1325 Sperry 11,934 Schieder 11,339.95788685861123,780.7187405098072,11.364331618760293,Early Giant,1,378.5107657268393,medium
1948,2016-P,1553,147.83485390793072,"Melka, Friedrich",Berndorf,Lower Austria,Austria,Austrian Weigh-off,"150,1 ThumfortM 15",78 ThumfortD 15,0.0,0.0,0.0,Spirit,1,67.05670705380611,light
1961,2017-P,1436,226.3597933146193,"Secco, Davide",,Lombardy,Italy,Sfida degli Zucconi della Brianza,unknow,unknow,218.40433626363028,204.717247467018,6.049726822516747,Blue Hubbard,1,102.6749913691648,light
1975,2021-P,131,1459.2669564679145,"Agnelli, Vasco",Poggiridenti,Lombardy,Italy,Sfida Nazionale della Zucca - Club Maspiano,727 GAROFANO,727 GAROFANO,396.7329123562316,1487.4015511908287,1.97273309384797,Early Giant,1,661.9118173181943,heavy
1979,2019-P,1359,277.1951274361492,"Team, Bauhof Tulln",Tulln,Lower Austria,Austria,Gartenbauschule Langenlois,Blaimschein 2017,,240.08551154659185,282.348070307583,0.0,Early Giant,1,125.7334922440178,light
1983,2013-P,1155,315.3462336041171,"Spreafico, Luca",Arezzo,Other,Italy,Campionato dello Zuccone,,Open,0.0,0.0,0.0,Wolf,1,143.0385287929587,light
2012,2017-P,1260,337.32039055038416,"Marino, Paoloni",Foiano della Chiana,Tuscany,Italy,Campionato dello Zuccone,,,267.25431227578247,358.4733863216412,0.0,Prizewinner,1,153.00583059052985,light
2021,2021-P,100,1637.5993131942805,"Team, Bauhof Tulln",,Lower Austria,Austria,Leiserberge Weigh-off,2226.7 Boonen,1911 Urena,428.3636120429668,1715.7233718173188,0.0,Champion,1,742.8019476704201,heavy
2027,2014-P,1298,369.7392017303172,"Melka, Friedrich",,Other,Austria,Austrian Weigh-off,,,0.0,0.0,0.0,Early Giant,1,167.71074399125803,light
2033,2015-P,1164,565.3388431870048,"Migliorini, Roberto",,Other,Italy,Pesa la Zucca! Foiano,,,283.63612064071003,514.9140240046098,9.99348536458205,Blue Hubbard,1,256.4331765588799,medium
2054,2016-P,1386,280.97389035031154,"Prandi, Giuseppe",Merate,Lombardy,Italy,Festa della zucca di sale,,,218.26024534063072,273.3679232277965,8.244315466440032,Champion,1,127.44750887177851,light
2062,2018-P,920,724.9322012683575,"Aininger, Gerald",Tulln,Lower Austria,Austria,Austrian Weigh-off,1080.9 Melka,,0.0,0.0,0.0,Casper,1,328.82344703771685,medium
2066,2016-P,1553,141.73024641599594,"Melka, Friedrich",Hofkirchen,Lower Austria,Austria,Austrian Weigh-off,"150,1 ThumfortM 15",78 ThumfortD 15,0.0,0.0,0.0,Rouge Vif d’Etampes,1,64.28770593232443,light
2075,2021-P,EXH,198.9148914295528,"Klein, Martin",Ernstbrunn,Lower Austria,Austria,Retzer Land Weigh-off,2021.5 Sperry 20,1965 Jutras 19,193.8162330788593,197.37470984522145,1.000267745069851,Spirit,1,90.22620343331371,light
2099,2020-P,EXH,331.16472268763414,"Rosati, Loris",Pontedera,Tuscany,Italy,Pesa la Zucca! Foiano,,,263.29075652024244,397.74078793687227,0.0,Dill's Atlantic,1,150.21366889332936,light
2120,2020-P,1002,465.3084072260068,"Kurzreiter, Lukas",Gross Gerungs,Lower Austria,Austria,Leiserberge Weigh-off,1395 Weishaeupl 18,520 Grabmayer 19,293.92883675011313,541.1444678492131,0.0,Casper,1,211.06017105045888,light
2130,2014-P,1553,200.51666153029512,"Briini, Bruno, Tiziano and Gino",,Other,Italy,Pesa la Zucca! Foiano,,,206.02010958672335,202.44588810766223,1.976195377102124,Dill's Atlantic,1,90.95275353684963,light
2191,2019-P,106,1709.7864351638011,"Thumfort, Daniel",Langenlois,Lower Austria,Austria,Austrian Weigh-off,2230 Wallace,2255 Zaychowsky,460.1053161219679,2041.159392224754,0.0,Early Giant,1,775.5454486988189,heavy
2208,2019-P,1010,531.6175825989891,"Raduazzo, Leonardo",Raddi in Chianti,Tuscany,Italy,Campionato dello Zuccone,1641 Team Petrelli,Self,278.2400725970598,547.7805073361918,3.9492719975306616,Cinderella,1,241.13748252624066,medium
2214,2018-P,EXH,672.7804538361643,"Garofano, Emanuele",Foiano della Chiana,Tuscany,Italy,Pesa la Zucca! Foiano,,,334.2358643005599,751.3084494239075,0.0,Atlantic Giant,1,305.16783161645344,medium
2219,2013-P,576,731.7854685622988,"Bauhof Tulln, Team",Langenlois,Lower Austria,Austria,Austrian Weigh-off,780 DIEGARTENTULLN 12,934 Schieder 11,327.65192879101903,766.0174855935784,0.0,Big Max,1,331.9320342561102,medium
2227,2021-P,EXH,598.9602497539959,"Jaglarz, Mario",Retz,Lower Austria,Austria,Europameisterschaft im Kurbiswiegen,2139 Skonager 2020,2139 Skonager 2020,300.4815846947286,643.7526569400401,0.0,Howden,1,271.6835776064145,medium
2235,2021-P,EXH,309.2369114033099,"Fellner, Johanna",,Lower Austria,Austria,Austrian Weigh-off,Biermanns,,236.0835132162292,351.7582909128846,0.0,Connecticut Field,1,140.26738911725013,light
2266,2020-P,1158,270.256823199037,"Zanotti, Walter",Marone,Lombardy,Italy,Sfida degli Zucconi della Brianza,1542 URENA 19,self,232.9393337572733,320.5311566893819,0.0,Spirit,1,122.58633294849758,light
2277,2015-P,1563,255.39032005573367,"Petrelli, Team",,Other,Italy,Campionato dello Zuccone,1254 Bartoli,Open,231.08965999055997,270.8314699673685,0.0,Autumn Gold,1,115.84300605472035,light
2285,2017-P,1483,168.14805305291262,"Mori, Flli.",,Lombardy,Italy,Festa della zucca di sale,,unknow,189.2906914004471,152.63557121592248,12.008824993661964,Prizewinner,1,76.27061168037673,light
2292,2016-P,1218,477.30072732833054,"LFS Tulln, Team",Doerfles,Lower Austria,Austria,Austrian Weigh-off,1861.8 Cutrupi,,0.0,0.0,0.0,Rouge Vif d’Etampes,1,216.4997915103121,light
2299,2019-P,970,604.352464018401,"Markl, Michael",Riederberg,Lower Austria,Austria,Austrian Weigh-off,1311.1 Mathias 17,sibb,331.18138538462387,719.3298080223454,0.0,Big Moose,1,274.1294428590345,medium
2300,2018-P,1408,308.71608562790567,"Ondelli, Buno",Capriolo,Lombardy,Italy,Sfida degli Zucconi della Brianza,,,228.8207639117804,272.0878078936751,16.318885154528406,Prizewinner,1,140.031146712133,light
2306,2018-P,575,870.5757357652961,"Lacina, Martin",Wels,Lower Austria,Austria,Austrian Weigh-off,1080.9 Melka,2145 McMullen,,892.1030156914603,2.01727800535817,Howden,1,394.8861891372522,medium
2313,2018-P,823,730.5139840381836,"Chinazzo, Alfredo",Dogliani,Piedmont,Italy,Pesa la Zucca! Foiano,,,,691.1878386553643,2.9555937900765263,Spirit,1,331.3552990478478,medium
2331,2019-P,1617,110.12965664516656,"Topini, Giuseppe",Goito,Lombardy,Italy,Sfida degli Zucconi della Brianza,,,164.57815211802304,94.45231896634508,13.02473553515253,Cinderella,1,49.95393121699439,light
2381,2020-P,1154,300.9721489544639,"Zimmermann, Adolf",Riederberg,Lower Austria,Austria,Austrian Weigh-off,,self,239.46906986434007,278.9166533464008,0.0,Dill's Atlantic,1,136.51855898855317,light
2389,2015-P,567,986.4279010299912,"Alessio, Gobbi",Arezzo,Other,Italy,Campionato dello Zuccone,1776 Deswert,1789 Wallace,,1049.0407137880893,0.0,Jack O'Lantern,1,447.43580448399575,medium
2401,2017-P,1289,324.62707307845574,"Dusan, Giorgio",Malonno,Lombardy,Italy,Sfida degli Zucconi della Brianza,821.2 Petrelli,,244.700528502762,336.932549808346,0.0,Rouge Vif d’Etampes,1,147.24824333180288,light
2419,2015-P,486,1065.5186163034696,"Melka, Friedrich",Baerndorf,Lower Austria,Austria,Austrian Weigh-off,1751 Lovse 14,,374.3145810768329,1125.437358782144,0.0,Cinderella,1,483.31072020632337,heavy
2425,2021-P,100,1731.8538991789076,"Haindl, Werner",Tulln,Lower Austria,Austria,Leiserberge Weigh-off,2226.7 Boonen,1911 Urena,440.56019718898176,1682.158347061484,0.0,Prizewinner,1,785.555073836359,heavy
2499,2016-P,DMG,1302.1504790275042,"Asta, Carmelo",Umbertide,Umbria,Italy,Pesa la Zucca! Foiano,,,,1155.082051871529,15.855081935730825,Big Moose,1,590.6450400830437,heavy
2523,2020-P,828,613.5999279983115,"Dorner, Martin",,Upper Austria,Austria,Austrian Weigh-off,1806 Sperry,,301.188019245482,696.278494498755,,Blue Hubbard,1,278.3240185406101,medium
2542,2016-P,401,1229.265664807044,"Priglhofer, Wolfgang",Buchkirchen,Upper Austria,Austria,Austrian Weigh-off,1448 Lovse,self,395.3700435254685,1332.2352198851038,0.0,Jack O'Lantern,1,557.5850714311567,heavy
2571,2018-P,1185,531.6257752768686,"Woeber, Franz",Leitzersdorf,Lower Austria,Austria,Austrian Weigh-off,1784 Stels 17,2269 Paton,294.8700163482869,519.0296096944314,1.0182288802540893,Autumn Gold,1,241.14119865938537,medium
2578,2013-P,976,475.1121038004837,"Berlinghieri, Martina",Lumezzane,Other,Italy,Pesa la Zucca! Foiano,,,254.71315586024053,429.8199284934912,13.220362572324063,Champion,1,215.507049387069,light
2615,2017-P,EXH,434.55292566062417,"Cutrupi, Stefano",Castiglion Fiorentino,Tuscany,Italy,Campionato dello Zuccone,,,253.9519762300432,440.4253025134337,0.0,Big Max,1,197.10973065625384,light
2662,2018-P,807,776.6457653544838,"Kurzreiter, Lukas",Riederberg,Lower Austria,Austria,Austrian Weigh-off,527 Camparmo 17,open,0.0,0.0,0.0,Casper,1,352.28030599867105,medium
2667,2014-P,1374,376.70964828635937,"Rosati, Loris",,Other,Italy,Campionato dello Zuccone,1382 Cutrupi,Open,241.7833638808021,363.1093360332798,2.0145362101387247,Spirit,1,170.87248278550632,light
2668,2018-P,659,827.6590836280283,"Rodler, Bernd",Buers,Vorarlberg,Austria,Austrian Weigh-off,Ruhdorfer,,324.1805497344417,843.708606169299,0.0,Dill's Atlantic,1,375.41953906100457,medium
2691,2020-P,1011,430.89260836982817,"Schoffnegger, Guenther",Seefeld,Lower Austria,Austria,Leiserberge Weigh-off,1279 Clementz,,263.3581240034952,451.7065231674378,0.0,Cinderella,1,195.4494400156871,light
2705,2020-P,DMG,876.1359180578827,"Davide, Moretti",Ribolla,Tuscany,Italy,Campionato dello Zuccone,2416.5 Haist,Self,327.70730293837266,,14.9133333589605,Casper,1,397.40824334371115,medium
2710,2014-P,346,1215.9958009749776,"Fumi, Lorenzo",Grosseto,Other,Italy,Pesa la Zucca! Foiano,2032 Mathison,,402.5983937389898,,0.0,Howden,1,551.565967355842,heavy
2746,2017-P,1173,424.0006646901962,"Thumfort, Daniel",,Upper Austria,Austria,OO Landesgartenschau 2017 Kremsmunster,,,0.0,0.0,0.0,Spirit,1,192.32330949815545,light
2761,2018-P,223,1509.3487517314925,"Ondelli, Franco",Garlate,Lombardy,Italy,Sfida degli Zucconi della Brianza,1928 Daletas,1810 Werner,396.68793607971753,1516.635083084993,1.0379497607527235,Big Max,1,684.6285189953911,heavy
2784,2021-P,499,906.3187599175832,"Malentacchi, Alvaro",Niella Belbo,Piedmont,Italy,Campionato dello Zuccone,2174 Daletas,Self,354.3999353963854,993.865052401213,0.0,Wolf,1,411.0989389485364,medium
2791,2019-P,1324,267.2415556205937,"Maffessoli, Valter",Radda in Chianti,Tuscany,Italy,Campionato dello Zuccone,1114 Garofano,Self,212.71197527658117,258.27347474560133,2.0220393161901824,Atlantic Giant,1,121.21863169705634,light
2851,2015-P,1429,331.1485353522684,"Salvagni, Augusto",,Other,Italy,Campionato dello Zuccone,,Open,241.04991691284064,374.8320943890904,0.0,Jack O'Lantern,1,150.20632644750614,light
2853,2020-P,200,1546.0879919477527,"Joebstl, Horst",Achau,Lower Austria,Austria,Leiserberge Weigh-off,2016.6 Boonen 2017,2226.7 DMGBoonenHerman 2018,418.87416054496856,1566.229812766854,0.0,Casper,1,701.293144443565,heavy
2871,2021-P,402,1087.2548506387247,"Teichmann, Erik",Gols,Burgenland,Austria,Austrian Weigh-off,1230 Schieder 20,,386.4182404925599,,0.0,Big Moose,1,493.17010221092045,heavy
2890,2015-P,977,668.5833565866911,"Markl, Michael",,Lower Austria,Austria,Austrian Weigh-off,1751 Lovse 14,,320.7988596242073,751.564463068792,0.0,Atlantic Giant,1,303.26406188087043,medium
2902,2015-P,1110,599.266380935933,"Chiti, Davide",,Other,Italy,Festa della zucca di sale,,,306.2206858400921,566.5987150410546,1.9909280244822445,Wolf,1,271.8224362614917,medium
2935,2015-P,882,787.2942894669276,"Asta, Carmelo",Perugia,Other,Italy,Festa della zucca di sale,,,321.21780836050965,747.0285842652406,2.973427111465221,Spirit,1,357.1103913478826,medium
2948,2015-P,1721,106.01026133055146,"Pastorelli, Bruna",Novellara,Other,Italy,Festa della zucca di sale,,,0.0,0.0,0.0,Spirit,1,48.0854064574475,light
2950,2013-P,1085,340.15341882998894,"Piazza, moreno",,Other,Italy,Pesa la Zucca! Foiano,,,203.4579853978888,212.39349402183228,59.33274305238662,Big Moose,1,154.29086955393234,light
2993,2018-P,1206,476.9731527226271,"Grabmayer, Manfred",Riederberg,Lower Austria,Austria,Austrian Weigh-off,2269 Paton,1784 Stels,288.7101485189065,570.4986067263358,0.0,Connecticut Field,1,216.35120628976188,light
3021,2017-P,1312,319.8618765723506,"Vanneschi, Massimo",Castelfiorentino,Tuscany,Italy,Pesa la Zucca! Foiano,,,236.50549827242293,304.8074552088328,2.979748388324058,Wolf,1,145.08678831820563,light
3027,2020-P,292,1293.3700503330306,"Forster, Karl",Baerndorf,Lower Austria,Austria,Austrian Weigh-off,1542 Urena,1527 Melka,411.0087010542041,1536.658132708785,0.0,Early Giant,1,586.66230787066,heavy
3043,2018-P,891,720.9974769218336,"Unger, Michael",,Other,Austria,Austrian Weigh-off,Kaar 17,,0.0,0.0,0.0,Atlantic Giant,1,327.0386875519283,medium
3058,2018-P,1408,297.8992370408046,"Giustarini, Vinicio",Lumezzane,Lombardy,Italy,Sfida degli Zucconi della Brianza,,,223.3409218276857,247.2778016811784,15.684668686106187,Early Giant,1,135.12471072781264,light
3067,2015-P,1379,394.3369930521424,"Bontempi, Emanuela",Arezzo,Other,Italy,Campionato dello Zuccone,----,Open,269.6170976014436,378.1138753819036,5.919498496216059,Autumn Gold,1,178.86810535250737,light
3107,2014-P,959,665.6536555199116,"Kittenberger, Christian und Dominik",Ullrichskirchen,Other,Austria,Austrian Weigh-off,934 Schieder,,301.93313406208915,629.9737110624657,3.035433574018401,Big Max,1,301.9351729145877,medium
3116,2021-P,226,1432.376680070026,"Salvagni, Augusto",,Lombardy,Italy,Sfida Nazionale della Zucca - Club Maspiano,2416 SHAIST,2060.2 PATON,400.4284388027031,1350.8199214652316,7.1966425778438,Casper,1,649.7146030663232,heavy
3140,2017-P,1334,294.43396475444735,"Frigerio, Ettore",Foiano della chiana,Tuscany,Italy,Campionato dello Zuccone,1199 Squitieri,Open,239.63046278879887,316.971338498282,0.0,Dill's Atlantic,1,133.5528909408993,light
3161,2015-P,1026,685.5849058687611,"Petrelli, Team",Capua,Campania,Italy,Campionato dello Zuccone,445 De Matteo,Open,282.93769331814565,514.7670142281795,25.40738820518681,Autumn Gold,1,310.9758286228231,medium
3256,2018-P,7,2160.876173473352,"Lizzi, Denis",Foiano della Chiana,Tuscany,Italy,Campionato dello Zuccone,2145 McMullen,Self,473.2109641883155,2327.0792080642154,0.9983672346481172,Dill's Atlantic,1,980.1561452781247,heavy
3263,2017-P,DMG,336.237226938988,"Cutrupi, Stefano",Pontedera,Tuscany,Italy,Campionato dello Zuccone,,Open,238.59498937787876,336.4130353731029,0.0,Atlantic Giant,1,152.51451624170943,light
3276,2015-P,1235,503.2117447868235,"Joebstl, Horst",St. Margarethen,Carinthia,Austria,Austrian Weigh-off,679 Joebstl 14,,0.0,0.0,0.0,Jack O'Lantern,1,228.25282174134483,medium
3279,2020-P,1077,382.9822928067925,"Nittnaus, Wolfgang",Ernstbrunn,Lower Austria,Austria,Leiserberge Weigh-off,,,0.0,0.0,0.0,Connecticut Field,1,173.7177041588186,light
3324,2015-P,1705,112.64554416102791,"Valentini, Berenice",,Other,Italy,Festa della zucca di sale,,,,113.3160411427416,3.018817767398575,Big Moose,1,51.09511766708897,light
3330,2019-P,43,1942.8915325146668,"Valagussa, Tonino",Foiano della chiana,Tuscany,Italy,Europameisterschaft im Kurbiswiegen,1911 Urena,,457.93575006583296,1786.6631706908329,0.0,Dill's Atlantic,1,881.2800560163927,heavy
3350,2017-P,399,1145.4298120900714,"Alfani, Fabio",Umbertide,Umbria,Italy,Pesa la Zucca! Foiano,,,359.65238002421773,1230.6564507106336,0.0,Cinderella,1,519.5577993255597,heavy
3370,2019-P,772,716.4324696463489,"Scholl, Theresa",,Lower Austria,Austria,Leiserberge Weigh-off,1443.6 Mathias 2018,,336.7434036224032,788.2717961988261,0.0,Early Giant,1,324.9680367718267,medium
3400,2020-P,763,655.3960773687,"Moullin, Paul",Waidhofen/Thaya,Lower Austria,Austria,Austrian Weigh-off,793.7 Dorner 19,,314.3348348000653,774.4814632230323,,Connecticut Field,1,297.2824175258234,medium
3402,2018-P,520,920.2491714154828,"Schagl, Wolfgang",Pruggern,Styria,Austria,Austrian Weigh-off,2048 Willemijns,918 Schieder,,976.675992626948,0.0,Dill's Atlantic,1,417.4176621606917,medium
3410,2020-P,59,1791.6146815041652,"Piazza, Moreno",Radda in Chianti,Tuscany,Italy,Sfida degli Zucconi della Brianza,,self,415.9058963160925,1661.0527837378424,8.242262876273053,Cinderella,1,812.6620866128374,heavy
3465,2014-P,1626,148.23686122489582,"Buechele, Franz",,Other,Austria,Austrian Weigh-off,,,0.0,0.0,0.0,Atlantic Giant,1,67.23905435672295,light
3471,2020-P,274,1334.931642354625,"Italiano, Vincenzo",Sale Marasino,Lombardy,Italy,Sfida degli Zucconi della Brianza,"1989,5 DALETAS",self,417.0335529196212,1351.6704583442347,0.0,Jack O'Lantern,1,605.514313518919,heavy
3482,2021-P,1349,58.792853574870605,"Salvagni, Augusto",Niardo,Lombardy,Italy,Sfida Nazionale della Zucca - Club Maspiano,x,x,0.0,0.0,,Prizewinner,1,26.667968038732706,light
3497,2019-P,847,698.9047083117796,"Wittmann, Franz",Ernstbrunn,Lower Austria,Austria,Austrian Weigh-off,664.9 Jaglarz 14,551.2 Jaglarz 15,332.502336880579,784.7198934496629,0.0,Rouge Vif d’Etampes,1,317.0175844525567,medium
3531,2016-P,1054,610.4870221779929,"Puchner, Thomas",Doerfles,Lower Austria,Austria,Austrian Weigh-off,1312 Ford Butler,,319.8298451137571,664.4467010286132,0.0,Howden,1,276.91202936376015,medium
3596,2016-P,244,1435.5573744719925,"Salvagni, Augusto",Rimini,Emilia-Romagna,Italy,Pesa la Zucca! Foiano,,,349.2496253455513,1097.4486301577358,32.39083793867488,Big Moose,1,651.1573406015,heavy
3597,2019-P,881,652.5578413744556,"Thumfort, Mark",TUlln,Lower Austria,Austria,Austrian Weigh-off,2043 Clementz,1527.5 Melka,305.0358352450912,715.5277137106959,0.0,Connecticut Field,1,295.9950163847221,medium
3633,2015-P,977,676.4224239231481,"Boeck, Alexander",,Lower Austria,Austria,Austrian Weigh-off,1751 Lovse 14,,319.3122223041404,784.4015482505873,0.0,Jack O'Lantern,1,306.8198001121486,medium
3644,2020-P,EXH,717.6151464178553,"Sartini, Valerio",Radda in Chianti,Tuscany,Italy,Campionato dello Zuccone,923.7 Asta,Open,325.79436709593455,802.3867017156964,0.0,Rouge Vif d’Etampes,1,325.5044894939678,medium
3665,2015-P,1325,414.3441206029673,"Zecchini, Fernando",Foiano della Chiana,Tuscany,Italy,Campionato dello Zuccone,,,260.04991947588684,408.3634702593635,4.970446624372801,Blue Hubbard,1,187.94317835254114,light
3693,2013-P,1495,90.15499366155566,"Matteo Gabriele, Bernardini Arrigucci",Arezzo,Other,Italy,Pesa la Zucca! Foiano,,,169.0994185037069,109.49796121544468,0.0,Spirit,1,40.893583884932355,light
3698,2013-P,963,432.1627990280312,"Joebstl, Horst",Riederberg,Lower Austria,Austria,Austrian Weigh-off,,,0.0,0.0,0.0,Blue Hubbard,1,196.02558833672273,light
3700,2016-P,371,1149.8203008814105,"Deri , Giacomo",Caiazzo,Campania,Italy,Campionato dello Zuccone,1861 Cutrupi,1985 Miller,350.66572579766444,1096.0925827731796,6.946903635235072,Prizewinner,1,521.5492899174008,heavy
3740,2016-P,305,1274.3627309553583,"Innocenzo, Gregori",Teglio,Lombardy,Italy,Festa della zucca di sale,2185 brandt,1521 cutrupi,366.9359817172716,1309.64549763596,2.057241702182612,Prizewinner,1,578.0407398595029,heavy
3745,2017-P,554,1028.4563217531568,"Jaglarz, Mario",Berndorf,Lower Austria,Austria,Europameisterschaft im Kurbiswiegen,2095 Willejmins,1726 Cutrupi,366.94837152966574,1083.9768141893069,0.0,Cinderella,1,466.4995598966579,heavy
3756,2013-P,212,1329.4621841050323,"Fellner, Herbert",,Other,Austria,Austrian Weigh-off,934 Schieder 11,self,391.42675598971584,1281.3788903464135,,Howden,1,603.0334110125698,heavy
3774,2016-P,1421,249.1156779489258,"Sartini, Valerio",Lesmo,Lombardy,Italy,Festa della zucca di sale,,,200.76971467992595,197.01322938952532,24.05729293451176,Cinderella,1,112.99687859220914,light
3801,2017-P,629,866.3960952794779,"Ondelli, Franco",,Other,Italy,Pesa la Zucca! Foiano,,,352.5408220664291,940.071869188095,0.0,Jack O'Lantern,1,392.99033765000894,medium
3803,2013-P,921,500.64906374937794,"Gangl, Markus",,Other,Austria,Austrian Weigh-off,,,0.0,0.0,0.0,Autumn Gold,1,227.09041012420784,medium
3818,2015-P,1026,689.6306435661271,"Valdambrini, Armando",Pietravairano,Campania,Italy,Campionato dello Zuccone,445 De Matteo,Open,302.05297960008653,560.8853642707353,26.06515171900912,Cinderella,1,312.81094287644675,medium
3821,2020-P,EXH,771.9902964393566,"Joebstl, Horst",Ernstbrunn,Lower Austria,Austria,Europameisterschaft im Kurbiswiegen,1080 Melka,1527 Melka,324.91200264285663,820.9910355531094,0.0,Cinderella,1,350.1686225425206,medium
3834,2013-P,1140,336.2448842647988,"Maffessoli, Valter",Arezzo,Other,Italy,Pesa la Zucca! Foiano,,,234.6621222061714,270.2574794361076,15.86631311413461,Spirit,1,152.51798954343863,light
3889,2016-P,1623,69.15519887220859,"Brandstetter, Hannes",Eitweg,Carinthia,Austria,Austrian Weigh-off,274 Joebstl,,0.0,0.0,0.0,Champion,1,31.368244966842838,light
3890,2018-P,928,686.7028679752187,"Davide, Moretti",San Pancrazio,Lombardy,Italy,Sfida degli Zucconi della Brianza,1488 Bartoli,self,306.05867523495147,640.3434544372238,3.955806119602199,Big Moose,1,311.4829272906154,medium
3925,2018-P,763,752.0685510014288,"Giustarini, Vinicio",Cremnago di Inverigo,Lombardy,Italy,Sfida degli Zucconi della Brianza,1377 Ermacora,self,320.9209620937517,871.3636091867528,0.0,Early Giant,1,341.13227818584005,medium
3930,2019-P,EXH,352.6996481014945,"Fellner, Herbert",Gr. Gerungs,Lower Austria,Austria,Leiserberge Weigh-off,,,0.0,0.0,0.0,Atlantic Giant,1,159.9817387816531,light
3965,2016-P,DMG,898.0225718926542,"Melka, Friedrich",Riederberg,Vienna,Austria,Austrian Weigh-off,Harnica,,,880.3807780059263,0.0,Cinderella,1,407.3358544299328,medium
3966,2017-P,635,823.8682203728157,"Hoefler, Norbert",Doerfles,Lower Austria,Austria,Austrian Weigh-off,Willemijns,Cutrupi,346.1550600369929,874.6485165379383,0.0,Atlantic Giant,1,373.7000338153462,medium
3997,2013-P,58,1449.323549758847,"Obendrauf, Johannes",Walperbach,Lower Austria,Austria,Austrian Weigh-off,1382 Bryson,,391.2953000197525,1418.4571490532442,,Big Max,1,657.401567582215,heavy
4002,2016-P,771,806.9057635701836,"Moretti, Damiano",,Lombardy,Italy,Campionato dello Zuccone,1866 Cutrupi,self,364.5793473701556,884.342695029451,0.0,Prizewinner,1,366.0059991093267,medium
4023,2018-P,807,775.3770472975524,"Maffessoli, Valter",Grosseto,Other,Italy,Festa della zucca di sale,1333 garofano,767 louse,286.3010101749951,741.7895290075023,9.250092884552684,Casper,1,351.7048256377914,medium
4029,2019-P,817,687.8193356197818,"Grabmayer, Manfred",Berndorf,Lower Austria,Austria,Gartenbauschule Langenlois,JZB 17,,308.07755409272005,,0.0,Spirit,1,311.98934808244803,medium
4039,2014-P,775,794.6710637014188,"Cutrupi, Stefano",,Other,Italy,Pesa la Zucca! Foiano,,,328.72084682852096,759.5710881912976,5.917317329596691,Champion,1,360.456437126454,medium
4092,2013-P,1436,130.98467158759516,"Baumgartner, Helmut",Ullrichskirchen,Other,Austria,Austrian Weigh-off,,,0.0,0.0,0.0,Rouge Vif d’Etampes,1,59.41359915476046,light
4095,2021-P,700,731.3581620515973,"Puchner, Thomas",Wien,Vienna,Austria,Tharinger Meisterschaft,2139 Skonager,2139 Skonager,348.24594369246535,917.9840113923568,0.0,Early Giant,1,331.7382114413081,medium
4100,2021-P,1150,249.18202315712404,"Hoefler, Nobert",,Lower Austria,Austria,Austrian Weigh-off,HDA Team Bauhof,,242.1697890628029,298.1607212294588,0.0,Cinderella,1,113.0269722478862,light
4104,2014-P,1246,453.6945427481805,"Pfoser, Thomas",,Styria,Austria,Austrian Weigh-off,,,285.7569585648542,525.729013262149,0.0,Jack O'Lantern,1,205.79221503423267,light
4122,2017-P,165,1530.8591968358344,"Zucconi, Club degli",Merate,Lombardy,Italy,Campionato dello Zuccone,1521 Cutrupi,2145 McMullen,,1414.7469334257005,,Cinderella,1,694.3854848111598,heavy
4123,2013-P,795,590.1894390353538,"Bernardini, Matteo",Perugia,Other,Italy,Campionato dello Zuccone,1342 Cutrupi,Open,296.3312387015185,527.091010751598,8.108427297882429,Autumn Gold,1,267.70520803092415,medium
4165,2016-P,1320,337.5588481776105,"Gobbi, Alessio",Castelfiorentino,Tuscany,Italy,Pesa la Zucca! Foiano,,,237.43573951142045,422.9196380690833,0.0,Spirit,1,153.11399306257871,light
4171,2017-P,31,1821.5990550124927,Team Maggioni,Foiano della Chiana,Tuscany,Italy,Europameisterschaft im Kurbiswiegen,2045 McMullen,sibb,423.5399808340654,1766.062652686507,2.9305081755345963,Howden,1,826.2627585612266,heavy
4175,2019-P,DMG,802.8306320897532,"Morucci, Davide",Cremnago di Inverigo,Lombardy,Italy,Sfida degli Zucconi della Brianza,"1761,5 Cutrupi",Self,323.54968568360624,670.8287582346339,11.100329376855132,Big Max,1,364.15755207085533,medium
4183,2021-P,1233,181.50950646397004,"Aininger, Gerald",Langenlois,Lower Austria,Austria,Austrian Weigh-off,Dorner 20,,177.01353569058688,154.1271557482231,21.00968178651731,Big Max,1,82.33126005600509,light
4187,2020-P,1087,348.38025484435514,"Wischer, Andreas",,Vienna,Austria,Leiserberge Weigh-off,487 Jaglarz 19,self,,382.07331209730586,0.0,Champion,1,158.02249655536073,light
4239,2019-P,1359,274.7802867858619,"Hausgarten, Team",Wels,Lower Austria,Austria,Gartenbauschule Langenlois,Blaimschein 2017,,218.66736206752404,294.02332623736413,0.0,Connecticut Field,1,124.63813984377268,light
4253,2016-P,689,904.9588598099144,"emidio, boioni",Goito,Lombardy,Italy,Festa della zucca di sale,2145 mcmullen,,331.23576580247743,918.2381290720222,6.850796888702969,Champion,1,410.4820991388987,medium
4326,2015-P,1677,157.3439175480957,"Hofer, Johann",Doerfles,Lower Austria,Austria,Austrian Weigh-off,,,0.0,0.0,0.0,Dill's Atlantic,1,71.36994224847582,light
4332,2017-P,1013,583.8046623210854,"Cutrupi, Stefano",Viarigi,Piedmont,Italy,Pesa la Zucca! Foiano,,,313.2718699583673,697.6323368553698,0.0,Casper,1,264.80912439154577,medium
4337,2021-P,713,691.6292957599921,"Ferraris, Giustino",Spinoso,Basilicata,Italy,Campionato dello Zuccone,1131 Chiti,Self,295.1013113065339,622.1855708744602,10.067582351264743,Autumn Gold,1,313.71751552236634,medium
4369,2018-P,1500,243.99444223855303,"Marcelli, Edoardo e Gianluca",Radda in Chianti,Tuscany,Italy,Campionato dello Zuccone,,,223.6876401985604,210.18312162420145,7.93668287971121,Cinderella,1,110.67392704386975,light
4375,2018-P,EXH,512.8343754250269,"Giulio, Belotti",Sale Marasino,Lombardy,Italy,Festa della zucca di sale,,,286.3595600895422,556.4438216625374,0.0,Champion,1,232.6175700177888,medium
4394,2017-P,635,924.8397671109144,"Puehringer, Beate",Tulln,Lower Austria,Austria,Austrian Weigh-off,Willemijns,Cutrupi,357.7535809248588,949.3672172724694,0.0,Howden,1,419.49991964337386,medium
4417,2014-P,1374,341.56635160543823,"Bartoli, Ivan",Artogne,Other,Italy,Campionato dello Zuccone,1382 Cutrupi,Open,239.8243651298924,348.30339548746394,2.005656530333241,Rouge Vif d’Etampes,1,154.93176455741394,light
4453,2017-P,907,656.9173388011804,"Maffessoli, Valter",Sirtori,Lombardy,Italy,Sfida degli Zucconi della Brianza,1636 Deletas,self,309.7478591485676,631.7856454124991,0.9708800203260942,Autumn Gold,1,297.97244954150506,medium
4459,2020-P,424,1069.695506551795,"Fellner, Herbert",,Lower Austria,Austria,Europameisterschaft im Kurbiswiegen,1527 Melka,1594 Melka,352.5925093084536,937.2513387882148,4.035035728028841,Early Giant,1,485.2053242078418,heavy
4473,2015-P,882,783.0745005930792,"Petrelli, Team",,Other,Italy,Festa della zucca di sale,,,311.2018743176152,718.0609464310362,3.008259965872792,Howden,1,355.19632887301594,medium
4482,2019-P,1618,107.8257679583202,"Ondelli, Franco",Poggiridenti,Lombardy,Italy,Sfida Nazionale della Zucca - Club Maspiano,Salvagni 2017,Self,0.0,0.0,0.0,Cinderella,1,48.908905739750374,light
4492,2017-P,989,612.9462671808388,"Cutrupi, Stefano",Coccaglio,Lombardy,Italy,Sfida degli Zucconi della Brianza,,Open,310.89424201953364,591.4307886890165,2.9479678917297734,Rouge Vif d’Etampes,1,278.02752322309107,medium
4503,2021-P,EXH,227.8922263112917,"Jaglarz, Mario",Baerndorf,Lower Austria,Austria,Retzer Land Weigh-off,2021.5 Sperry 20,1965 Jutras 19,210.6788064088728,218.38022000696745,0.9632961683377308,Blue Hubbard,1,103.37009071699143,light
4508,2014-P,560,924.3708413008392,"Team F.lli, Mori e Guagnetti",Arezzo,Other,Italy,Festa della zucca di sale,1756 lancaster,1799.5 deletas,325.95059547470737,923.6994591591032,3.923660271073148,Champion,1,419.28721864733023,medium
4534,2020-P,EXH,795.0642371675582,"Petricci, Ass. Campanile Petricci",Castelfiorentio,Tuscany,Italy,Campionato dello Zuccone,923.7 Asta,Open,343.1365333593744,910.419377274242,0.0,Connecticut Field,1,360.634777465307,medium
4535,2019-P,783,722.2709116674562,"Reischer, Lena und Melanie",,Lower Austria,Austria,Gartenbauschule Langenlois,1379.6 Matthias,self,320.08456734187246,,0.0,Connecticut Field,1,327.61630736506476,medium
4536,2014-P,1720,61.23210216027816,"Ardenti, Mario",Capriolo,Lombardy,Italy,Festa della zucca di sale,,,138.41682065381406,74.95398780762159,0.0,Wolf,1,27.77439168308489,light
4579,2017-P,1441,215.91656293205185,"Melka, Friedrich",Berndorf,Lower Austria,Austria,Austrian Weigh-off,1714 Lueders 15,,0.0,0.0,0.0,Spirit,1,97.93802561347526,light
4602,2018-P,1651,119.0998319080406,"Matti, Jacopo",Pontedera,Tuscany,Italy,Pesa la Zucca! Foiano,,,179.4722356297124,136.41300340050026,0.0,Casper,1,54.02273095483195,light
4607,2016-P,1208,457.214855405478,"Morucci, Davide",Terricciola,Tuscany,Italy,Campionato dello Zuccone,,,297.7105186150312,471.98684289078426,0.0,Spirit,1,207.38900069308156,light
4622,2020-P,1325,90.6153393682379,"Pastorelli, Bruna",Malonno,Lombardy,Italy,Sfida Nazionale della Zucca - Club Maspiano,,Open,154.50437872078194,95.18952219522546,0.0,Jack O'Lantern,1,41.10239301471776,light
4627,2014-P,259,1214.4198677236295,"Cassella, Salvatore",Cavriglia,Other,Italy,Campionato dello Zuccone,1382 Cutrupi,600 Lizzi,369.0843746191516,1112.8624348035903,9.18923732523417,Connecticut Field,1,550.8511366404965,heavy
4628,2015-P,583,1032.4576939649064,"Reischer, Lena und Melanie",,Other,Austria,Austrian Weigh-off,1751 Lovse 14,,372.84570111749537,1098.7348412550482,0.0,Big Moose,1,468.3145503209298,heavy
4642,2014-P,1591,148.68808091162472,"Fumi, Lorenzo",Siena,Other,Italy,Campionato dello Zuccone,952 Bartoli,Open,190.9683272114302,178.0871747454479,0.0,Jack O'Lantern,1,67.44372399686569,light
4650,2015-P,731,901.0648782238952,"Liberatori, Lido",,Other,Italy,Campionato dello Zuccone,1254 Bartoli Ivan,1726 Cutrupi,326.10610650159686,794.8586375504127,8.943576017633816,Big Moose,1,408.7158202433331,medium
4663,2020-P,847,635.2696085911094,"Jaglarz, Mario",,Lower Austria,Austria,Austrian Weigh-off,2138 Biermans,self,305.0785234081452,587.4972956645286,3.840106636273548,Big Max,1,288.1532123000585,medium
4682,2018-P,EXH,869.6922183754011,"Schoeffnegger, Armin",,Lower Austria,Austria,Austrian Weigh-off,1784 Stelts,,0.0,0.0,0.0,Casper,1,394.48543271733496,medium
4692,2019-P,1099,432.9108146826912,"Sartini, Valerio",Pontedera,Tuscany,Italy,Pesa la Zucca! Foiano,,,267.62955248166867,408.61939844665176,7.939394654553815,Big Max,1,196.36488225355126,light
4713,2018-P,1221,452.97192400599664,"Grabmayer, Manfred",Wien,Vienna,Austria,Tharinger Meisterschaft,1100 Kristensen,1916 Barron,278.48587964988,452.260734097424,0.0,Early Giant,1,205.46444095372803,light
4714,2016-P,1623,75.57048117446497,"Markl, Michael",St. Michael,Carinthia,Austria,Austrian Weigh-off,274 Joebstl,,0.0,0.0,0.0,Prizewinner,1,34.27816569688792,light
4716,2018-P,487,1074.532086743117,"Nassi-Pisani, Elena-Francesco",Poggiridenti,Lombardy,Italy,Festa della zucca di sale,2145macmullen,1642.5 sperry,388.97575667859087,1099.0239823095865,0.0,Prizewinner,1,487.39915828998386,heavy
4737,2019-P,465,1053.2110324223434,"Asta, Carmelo",Goito,Lombardy,Italy,Sfida Nazionale della Zucca - Club Maspiano,Cutrupi 2166,Self,387.6557855758162,,3.9187985212016825,Atlantic Giant,1,477.72809861851556,heavy
4747,2016-P,546,1082.896095166805,"Buffoli, Tarcisio",Umbertide,Umbria,Italy,Pesa la Zucca! Foiano,,,386.5050479131019,1104.3203683358656,0.0,Champion,1,491.19300559890144,heavy
4768,2013-P,176,1250.322022655266,"Cristini, Team Attilio e Giacomo",Arezzo,Other,Italy,Festa della zucca di sale,1789 Wallace,Self,397.1138432746004,1367.7129491465264,0.0,Blue Hubbard,1,567.1360669002474,heavy
4790,2016-P,1035,619.6107975962168,"Asta, Carmelo",Garlate,Lombardy,Italy,Festa della zucca di sale,1813 northrup,,295.1598796751568,533.65286279736,16.480814189751857,Prizewinner,1,281.0505009032632,medium
4793,2014-P,1272,391.721505768362,"Bontempi, Emanuela",,Other,Italy,Campionato dello Zuccone,1382 Cutrupi,Open,257.95984110670355,362.4748097772103,4.031588138009186,Jack O'Lantern,1,177.68174124448285,light
4803,2021-P,372,1225.6541358644554,"Dorner, Martin",,Lower Austria,Austria,Retzer Land Weigh-off,1819 Mendi 19,1225.8 Kurzreiter 20,387.3029331969975,1272.4271104806348,0.0,Dill's Atlantic,1,555.94691079503,heavy
4821,2021-P,1268,127.5910011361546,"Milani, Joele",Garlate,Lombardy,Italy,Sfida Nazionale della Zucca - Club Maspiano,BUFFOLI anno 2016,BUFFOLI anno 2016,0.0,0.0,0.0,Autumn Gold,1,57.87425738735064,light
4861,2020-P,EXH,459.6359682323073,"Prandi, Giuseppe",Foiano della Chiana,Tuscany,Italy,Pesa la Zucca! Foiano,,,270.4465608603801,470.3990383806816,0.0,Early Giant,1,208.48719810242872,light
4868,2020-P,850,635.0662495889825,"Team, Jugendzentrum Berndorf",Buers,Vorarlberg,Austria,Austrian Weigh-off,685 Assam,self,293.321311667404,632.2808682696941,1.8973041548240204,Howden,1,288.0609702835657,medium
4879,2021-P,EXH,643.4250007489226,Team Toellergasse,,Lower Austria,Austria,Europameisterschaft im Kurbiswiegen,2139 Skonager 2020,2139 Skonager 2020,315.74695331164645,679.6314363044008,0.0,Rouge Vif d’Etampes,1,291.8524329397053,medium
4886,2021-P,1233,173.6605700319332,"Guttmann, Johann",,Lower Austria,Austria,Austrian Weigh-off,Dorner 20,,183.95247177249152,152.79232951006549,21.16661217266964,Big Moose,1,78.77104528192464,light
4944,2015-P,1705,130.34064602219152,"Ribechini, Alessio",Arezzo,Other,Italy,Festa della zucca di sale,,,167.2981324652426,121.67307907946638,3.0833286380946223,Spirit,1,59.121474310497895,light
4954,2015-P,1308,471.14843886541576,"Langenlois, Gartenbauschule",Gnas,Other,Austria,Austrian Weigh-off,1751 Lovse 14,,280.66489918889573,473.0922857588892,0.0,Cinderella,1,213.70916268184166,light
4983,2019-P,1721,26.8210435352739,"Schoeffnegger, Armin",Berndorf,Lower Austria,Austria,Leiserberge Weigh-off,,,0.0,0.0,0.0,Atlantic Giant,1,12.16581077925196,light
4998,2015-P,1229,510.2394576780306,"Tosoni, Matteo",Arezzo,Other,Italy,Pesa la Zucca! Foiano,,,286.3178451635141,509.96840527812174,0.0,Autumn Gold,1,231.44053608709325,medium
5004,2018-P,1328,380.0206240259074,"Chiatti, Carla",Foiano della Chiana,Tuscany,Italy,Pesa la Zucca! Foiano,,,277.17660277174303,438.3285113767147,0.0,Prizewinner,1,172.37431489315938,light
5010,2017-P,1312,299.9903048354696,"Spreafico, Luca",Pontedera,Tuscany,Italy,Pesa la Zucca! Foiano,,,254.08133268469825,293.42202606674886,2.927540502201385,Spirit,1,136.07320235093033,light
5065,2015-P,1358,402.18153620882896,"Nassi-Pisani, Elena-Francesco",Sinalunga,Other,Italy,Festa della zucca di sale,,,0.0,0.0,0.0,Jack O'Lantern,1,182.42632737203513,light
5066,2017-P,1098,456.43764009830426,"Melka, Friedrich",Doerfles,Lower Austria,Austria,OO Landesgartenschau 2017 Kremsmunster,2095 Willemijns,1726 Cutrupi,0.0,0.0,0.0,Howden,1,207.03646204747002,light
5067,2020-P,1277,150.0563941408816,"Morucci, Davide",Bagnolo Mella,Lombardy,Italy,Sfida degli Zucconi della Brianza,"1177,3 GOELL 19",self,188.8725625501509,147.91474450068583,0.0,Big Max,1,68.06437993115077,light
5075,2020-P,1111,306.67068090906673,"Vito, Marino",Radda in Chianti,Tuscany,Italy,Pesa la Zucca! Foiano,,,244.8690669234313,331.0691334799535,0.0,Rouge Vif d’Etampes,1,139.1033674949054,light
5082,2018-P,887,680.7875402223887,"Deri, Matteo",Coccaglio,Lombardy,Italy,Festa della zucca di sale,,,319.2382311298436,730.4606459169158,0.0,Big Max,1,308.79978194455373,medium
5119,2021-P,570,865.7139858470584,"Petrelli, Team",Capriolo,Lombardy,Italy,Sfida degli Zucconi della Brianza,,2183 Mendi,333.17579856843986,791.9977056010453,11.93383981839526,Big Max,1,392.68093826833893,medium
5158,2017-P,900,610.6642963088235,Team Langenlois Gartenbauschule,Gols,Burgenland,Austria,Austrian Weigh-off,1822 Kline,1713 Cutrupi,0.0,0.0,0.0,Rouge Vif d’Etampes,1,276.99243949131187,medium
5166,2021-P,1192,222.62673932341735,"Salvagni, Augusto",Calcio,Lombardy,Italy,Sfida degli Zucconi della Brianza,,,201.4234298920944,220.6897861498085,8.93068191894156,Howden,1,100.98170794318753,light
5169,2013-P,603,701.5582194392998,"Bleimschein, Karl",St. Michael,Carinthia,Austria,Austrian Weigh-off,,,323.6813019913565,838.1898564036665,0.0,Howden,1,318.2211958719109,medium
5193,2013-P,1026,447.4572217835287,"Davide, Moretti",Foiano della Chiana,Other,Italy,Pesa la Zucca! Foiano,,,265.07584459063065,374.5453258296214,12.03698861909342,Early Giant,1,202.96301614323437,light
5213,2021-P,EXH,187.11359856523225,"Markl, Michael",Tulln,Lower Austria,Austria,Austrian Weigh-off,Langheim,,205.20820929575828,178.79089641960712,3.030100380355135,Big Moose,1,84.87323140040083,light
5216,2020-P,EXH,118.05987378749946,"Stefano, Tosi",Semproniano,Tuscany,Italy,Pesa la Zucca! Foiano,,,175.9602102312212,118.64463418950484,0.0,Wolf,1,53.551014271019454,light
5241,2017-P,1339,300.06419094980606,"Melka, Friedrich",St. Michael,Carinthia,Austria,Austrian Weigh-off,Joebstl,,0.0,0.0,,Big Moose,1,136.10671650130442,light
5264,2019-P,1060,446.78418746242994,"Melka, Friedrich",Bad Voeslau,Lower Austria,Austria,Leiserberge Weigh-off,1211 Ailts,1297.5 Young,266.092625578084,434.8873555904301,0.0,Wolf,1,202.65773315945853,light
5277,2017-P,EXH,605.0180844741487,"Ardenti, Mario",Castelfiorentio,Tuscany,Italy,Campionato dello Zuccone,,,296.2860677632951,600.0306342807351,0.0,Casper,1,274.43136297279807,medium
5278,2020-P,1243,182.5199575255923,"Fischer, Cornelia",,Upper Austria,Austria,Austrian Weigh-off,,,199.373311274832,183.7109854766635,1.0230300786580142,Early Giant,1,82.78959257394847,light
5290,2014-P,483,1046.0019802307174,"Aininger, Gerald",,Other,Austria,Austrian Weigh-off,1474 Mathias,,340.407566173421,1101.2619031303434,0.0,Prizewinner,1,474.4581302168116,heavy
5291,2013-P,1230,287.4329155647042,"Teichmann, Erik",Ullrichskirchen,Other,Austria,Austrian Weigh-off,,,0.0,0.0,0.0,Atlantic Giant,1,130.3772710368253,light
5298,2016-P,DMG,383.53898344176713,"Cutrupi, Stefano",Castelvecchio,Lazio,Italy,Campionato dello Zuccone,,,249.14126949855373,363.1968392556832,5.880727619457955,Cinderella,1,173.97021457731805,light
5317,2017-P,31,1884.575633687297,"Petrelli, Team",Ambra,Tuscany,Italy,Europameisterschaft im Kurbiswiegen,2045 McMullen,sibb,442.9753575456804,1736.8171070493906,2.9594707422909785,Wolf,1,854.8284308354885,heavy
5350,2014-P,995,691.7468424813777,"Melka, Friedrich",Pamhagen,Burgenland,Austria,Austrian Weigh-off,,,310.15780066380006,631.8356646910879,5.030990843446064,Atlantic Giant,1,313.77083377481307,medium
5361,2015-P,1477,314.47732526959226,"Tranfaglia, Antonio",Buja,Other,Italy,Campionato dello Zuccone,1254 Bartoli,Open,247.1094826470131,333.00928893330445,0.0,Big Max,1,142.6443989236849,light
5389,2018-P,EXH,213.16730108081163,"Matti, Jacopo",Bucine,Tuscany,Italy,Pesa la Zucca! Foiano,,,207.10605077526512,178.8803234425369,9.020970423381804,Champion,1,96.6909824318475,light
5408,2014-P,483,1023.3806921062888,"Bauhof Tulln, Team",Pruggern,Other,Austria,Austrian Weigh-off,1474 Mathias,,344.3975967965714,952.5361253080744,0.0,Wolf,1,464.1972948938758,heavy
5422,2018-P,DMG,636.3492462944788,"Topini, Giuseppe",Casatenovo,Lombardy,Italy,Sfida degli Zucconi della Brianza,1864 Wallace,self,,604.995036081205,6.245502914772176,Spirit,1,288.6429273252052,medium
5425,2015-P,926,733.0547297188366,"Aininger, Gerald",Ullrichskirchen,Other,Austria,Austrian Weigh-off,1148.5 Blaimschein 14,,307.15885145090755,747.2267091340417,0.0,Autumn Gold,1,332.50776096262655,medium
5439,2018-P,446,1065.6965666874994,"Gervasoni, Marta",Casatenovo,Lombardy,Italy,Festa della zucca di sale,998.7tosoni,1803holke,349.05958584730445,1103.842356548172,0.0,Dill's Atlantic,1,483.39143707691625,heavy
5455,2016-P,1409,271.7574387155319,"Nittnaus, Wolfgang",Baerndorf,Lower Austria,Austria,Austrian Weigh-off,,,0.0,0.0,0.0,Prizewinner,1,123.26700014185555,light
5470,2013-P,1377,168.11239359206465,"Boschi, Valerio",,Other,Italy,Campionato dello Zuccone,899 Cutrupi,Open,0.0,,0.0,Blue Hubbard,1,76.25443683421179,light
5485,2020-P,1277,148.2992211851667,"Salvagni, Augusto",Lesmo,Lombardy,Italy,Sfida degli Zucconi della Brianza,"1177,3 GOELL 19",self,193.5867266044649,157.46559050683211,0.0,Champion,1,67.26734033582213,light
5486,2021-P,1242,167.65473801891383,"Puchner, Thomas",St. Margarethen,Carinthia,Austria,Austrian Weigh-off,829.4 Joebstl,self,,174.89537888757533,0.0,Howden,1,76.04684792747516,light
5493,2015-P,731,871.2601475188153,"gregorio, tinteri",Marone,Other,Italy,Campionato dello Zuccone,1254 Bartoli Ivan,1726 Cutrupi,,726.8513093195409,9.284911563419668,Casper,1,395.19663283335444,medium
5516,2018-P,807,696.9346028974788,"Steindl, Josef",Riederberg,Lower Austria,Austria,Austrian Weigh-off,,open,,,0.0,Dill's Atlantic,1,316.12396039747324,medium
5538,2013-P,829,562.4781635576398,"Joebstl, Horst",,Other,Austria,Austrian Weigh-off,,,0.0,0.0,0.0,Casper,1,255.13559516443698,medium
5548,2014-P,560,933.2525927544924,"Michele, Mori",Capraia e Limite,Other,Italy,Festa della zucca di sale,,1799.5 deletas,344.96442915541473,,4.059071103059794,Jack O'Lantern,1,423.3159100526957,medium
5550,2017-P,1116,453.0318769743254,"Karl Forster, LGS Kremsmuenster",Baerndorf,Lower Austria,Austria,OO Landesgartenschau 2017 Kremsmunster,1714 Lueders,SIBB,0.0,,0.0,Rouge Vif d’Etampes,1,205.49163514053822,light
5554,2014-P,1591,156.4315227684331,"Prandi, Giuseppe",Arezzo,Other,Italy,Campionato dello Zuccone,952 Bartoli,Open,207.4617752961095,186.5181905558111,0.0,Early Giant,1,70.95608727557911,light
5568,2017-P,790,713.3581605887636,"Felappi, Lorenzo",Viarigi,Piedmont,Italy,Pesa la Zucca! Foiano,,,308.08628007204624,696.7697413124617,0.0,Prizewinner,1,323.57355477777844,medium
5572,2018-P,896,659.6763195198617,"Thumfort, Mark",Schiltern,Lower Austria,Austria,Austrian Weigh-off,,,320.8962436580261,839.2171825827559,0.0,Atlantic Giant,1,299.22390112365315,medium
5584,2016-P,771,853.8058676488248,"Gabriele and Sauro, Bartoli",Calcio,Lombardy,Italy,Campionato dello Zuccone,1866 Cutrupi,self,341.28161777449384,893.1607023406789,0.0,Blue Hubbard,1,387.2795111185657,medium
5593,2018-P,691,937.1763258700762,"Puehringer, Beate",,Lower Austria,Austria,Europameisterschaft im Kurbiswiegen,2269 Paton,2145 McMullen,344.03907824325904,912.3518422158576,0.0,Cinderella,1,425.0956840040596,medium
5594,2014-P,949,663.7762661341574,"Colzani, Enrico",Arezzo,Other,Italy,Campionato dello Zuccone,829 Cutrupi,1490 Cutrupi,324.59035544840583,726.5285984832061,0.0,Connecticut Field,1,301.0836041083247,medium
5618,2016-P,1424,249.28809628511652,"Tosoni, Matteo",Radda in Chianti,Tuscany,Italy,Pesa la Zucca! Foiano,,,191.00912840686112,157.57780165743455,60.2611337586702,Spirit,1,113.07508617015857,light
5622,2015-P,1702,119.75105927344036,"Moretti, Damiano",,Other,Italy,Campionato dello Zuccone,1254 Bartoli,Open,164.94402279332402,,3.1212050714683715,Early Giant,1,54.31812247795836,light
5629,2020-P,EXH,219.02240828045692,"Topini, Giuseppe",Semproniano,Tuscany,Italy,Pesa la Zucca! Foiano,,,209.34147127879908,182.114678052178,11.225991033526352,Dill's Atlantic,1,99.34681221674902,light
5636,2021-P,949,430.2471522964275,"Daniel, Wonovsky",Tulln,Lower Austria,Austria,Leiserberge Weigh-off,1225.8 Kurzreiter 2020,,291.1813094750735,590.8762381520038,0.0,Big Moose,1,195.15666630444113,light
5637,2020-P,1197,239.64437508604567,"Fellner, Herbert",Riederberg,Lower Austria,Austria,Leiserberge Weigh-off,,,0.0,0.0,,Big Max,1,108.70077138402962,light
5664,2021-P,EXH,214.5153996913498,"Schoffnegger, Armin",Baerndorf,Lower Austria,Austria,Retzer Land Weigh-off,2021.5 Sperry 20,1965 Jutras 19,207.42321593317104,206.1565447001563,1.008000101454105,Jack O'Lantern,1,97.30246917679874,light
5682,2014-P,1123,515.8277382750694,"Cupertori,",Arezzo,Other,Italy,Festa della zucca di sale,1676 deletas,self,290.3051718431333,527.7446919854452,1.9871813315217268,Wolf,1,233.97533545966525,medium
5719,2018-P,395,1206.8781793672204,"Pogna, Lorena",Rimini,Emilia-Romagna,Italy,Campionato dello Zuccone,2269 Paton,2624 Willemjins,363.1761916360182,1088.0728828768968,8.953692872871317,Big Max,1,547.4302871355362,heavy
5729,2021-P,343,1216.672438277167,"., Francesco",Caiazzo,Campania,Italy,Campionato dello Zuccone,2014 Paton,2183 Mendi,376.212914627546,1198.9764058754376,1.908479795775335,Connecticut Field,1,551.8728846230167,heavy
5738,2018-P,559,1019.7936434380646,"Aininger, Gerald",Tulln,Lower Austria,Austria,Austrian Weigh-off,2090.5 Stelts,2269.4 Paton,345.2531415034976,1148.9917768458563,0.0,Howden,1,462.57023831435856,heavy
5740,2021-P,1242,144.1778937915927,"Puchner, Thomas",Eitweg,Carinthia,Austria,Austrian Weigh-off,829.4 Joebstl,self,196.0631062948776,158.5099373816764,0.0,Jack O'Lantern,1,65.39793920071612,light
5750,2020-P,1115,309.3378326444,"Melka, Friedrich",St. Margarethen,Carinthia,Austria,Austrian Weigh-off,368 Joebstl,,239.2027815685812,293.8703719648542,0.0,Spirit,1,140.31316618483868,light
5768,2013-P,1291,240.47424250104305,"Tosoni, Matteo",,Other,Italy,Campionato dello Zuccone,899 Cutrupi,Open,211.79783209419293,234.45793201273003,0.0,Connecticut Field,1,109.07719260453312,light
5771,2014-P,533,1036.2888979356387,"Jaglarz, Maximilian",,Other,Austria,Austrian Weigh-off,1749 Hanschmann,1222 Wuersching,356.98360767534666,1028.8575357057412,2.011732673736487,Connecticut Field,1,470.05235379242225,heavy
5818,2019-P,881,590.5257508385747,"Hammerl, Joachim",Gr. Gerungs,Lower Austria,Austria,Austrian Weigh-off,2043 Clementz,1527.5 Melka,307.0466832063018,667.5184022085335,0.0,Cinderella,1,267.85775637437075,medium
5839,2021-P,643,780.973848413035,"Klein, Martin",Walpersbach,Lower Austria,Austria,Leiserberge Weigh-off,1396 Melka,1067 Joebstl,344.5426637022257,863.0511407511943,0.0,Wolf,1,354.24348984936535,medium
5846,2020-P,877,577.0148890879016,"Petricci, Ass. Campanile Petricci",Castelfiorentino,Tuscany,Italy,Pesa la Zucca! Foiano,,,309.50530510874245,651.6385529396572,0.0,Atlantic Giant,1,261.7293375711594,medium
5848,2018-P,EXH,682.0589402720495,"Rosati, Loris",Castelfiorentino,Tuscany,Italy,Campionato dello Zuccone,,,302.3721393897215,702.8610969302466,0.0,Casper,1,309.3764788358795,medium
5851,2016-P,500,1119.6532212141758,"Ardenti, Mario",Capua,Campania,Italy,Campionato dello Zuccone,1300 C\P,1150 Cotterman,346.4497345606536,835.3826309515333,28.0335154938977,Big Max,1,507.8657439169804,heavy
5873,2019-P,EXH,557.063500955026,"Roghi, Alberto",Umbertide,Umbria,Italy,Pesa la Zucca! Foiano,,,276.3612214133349,529.0652357618725,2.9259124812304,Atlantic Giant,1,252.67954752519216,medium
5912,2013-P,880,500.3403501814578,"Turmolli, Andrea, Anna and Pato",Pontedera,Other,Italy,Festa della zucca di sale,1025 Bartoli,1610 Cotter,291.7073261816181,472.2055044480503,13.563080852444834,Rouge Vif d’Etampes,1,226.9503801195078,medium
5936,2015-P,23,1845.6178211402355,"Ciancagli, Vasco",Valiano di Montepulciano,Tuscany,Italy,Europameisterschaft im Kurbiswiegen,1726 Cutrupi 14,2323 Meier 14,461.9684624107528,1984.3249175412936,0.0,Spirit,1,837.1574787266417,heavy
5955,2017-P,617,914.0423130786706,"Battista, Gregori",Malonno,Lombardy,Italy,Festa della zucca di sale,,,367.2448058541857,928.6136402981068,0.0,Wolf,1,414.60228087398036,medium
5979,2013-P,EXH,168.20021693126455,"., Fratelli Mori",Arezzo,Other,Italy,Campionato dello Zuccone,899 Cutrupi,Open,0.0,0.0,0.0,Atlantic Giant,1,76.29427279828614,light
6012,2021-P,809,590.7766733292682,"Rodler, Rita",Leitzersdorf,Lower Austria,Austria,Leiserberge Weigh-off,494.9 Grabmayer 2020,1230 Schieder,311.08500036739144,728.7218971537944,0.0,Atlantic Giant,1,267.9715728087694,medium
6015,2018-P,1078,590.9919413077338,"Paleari, Maurizio",Semproniano,Tuscany,Italy,Campionato dello Zuccone,563 Garofano,Open,290.0080242636556,626.3899699764213,1.0105836050679644,Dill's Atlantic,1,268.0692166416576,medium
6016,2019-P,1383,265.60429607481336,"Schoffnegger, Armin",Bad Voeslau,Lower Austria,Austria,Leiserberge Weigh-off,,,0.0,0.0,0.0,Connecticut Field,1,120.47598386516674,light
6027,2015-P,1548,257.638347090878,"Bartoli, Ivan",,Other,Italy,Festa della zucca di sale,,,216.13634596918425,229.4647317718872,10.646970076951252,Rouge Vif d’Etampes,1,116.86269313364555,light
6043,2016-P,401,1129.461858522791,"JZB, Rupert Reischer",Buchkirchen,Upper Austria,Austria,Austrian Weigh-off,1448 Lovse,self,400.74716014497056,1192.2376945385104,0.0,Dill's Atlantic,1,512.3148633310699,heavy
6063,2018-P,763,877.165594049093,"emidio, boioni",Coccaglio,Lombardy,Italy,Sfida degli Zucconi della Brianza,1377 Ermacora,self,,968.1717561086532,0.0,Dill's Atlantic,1,397.8752961359162,medium
6102,2013-P,1152,319.72261636218536,"Tarcisio, Buffoli",,Other,Italy,Campionato dello Zuccone,899 Cutrupi,Open,0.0,0.0,0.0,Autumn Gold,1,145.02362100095638,light
6107,2019-P,908,647.9957105665587,"Bilski, Martin",,Lower Austria,Austria,Leiserberge Weigh-off,1080 Melka,,315.3470332518758,646.7352734418425,0.96444049397525,Howden,1,293.9256703473065,medium
6120,2016-P,DMG,682.5946143998826,"Sartini, Gabriele",Castelvecchio,Lazio,Italy,Campionato dello Zuccone,,,296.49710922497934,676.021158766388,0.0,Prizewinner,1,309.6194563348716,medium
6142,2021-P,949,519.6513404927202,"Markl, Michael",Tulln,Lower Austria,Austria,Leiserberge Weigh-off,1225.8 Kurzreiter 2020,sibb,302.98654646938724,608.6312187263196,0.0,Cinderella,1,235.70969083677394,medium
6191,2013-P,842,560.6212216127859,"Segoni, Eligio",Dogliani,Other,Italy,Festa della zucca di sale,1420 Cutrupi,1025 Bartoli,285.0558025327043,509.0024814649944,3.088018647583655,Casper,1,254.29330115378679,medium
6195,2017-P,1409,250.40427436027,"Felappi, Lorenzo",Foiano della Chiana,Tuscany,Italy,Pesa la Zucca! Foiano,,,242.81765969265123,291.20181253970617,0.0,Early Giant,1,113.58137561562359,light
6199,2019-P,1161,407.67977480301226,"Chiti, Davide",Calcio,Lombardy,Italy,Sfida degli Zucconi della Brianza,"1742,8 Vanheuckelom",Self,249.7581343407295,414.3922903366223,2.004824632370701,Early Giant,1,184.92028441244793,light
6222,2019-P,1567,142.31405021728273,"Piazza, moreno",Rimini,Emilia-Romagna,Italy,Campionato dello Zuccone,165 Wild,Open,0.0,0.0,0.0,Wolf,1,64.5525146661577,light
6225,2017-P,939,616.2095656047331,"Corsini, Sandra",Castelfiorentino,Tuscany,Italy,Festa della zucca di sale,1395.50 Ruedens,1790.50 Wallace,298.2033115243157,727.6189644229729,0.0,Dill's Atlantic,1,279.50772928178213,medium
6302,2015-P,1173,621.1529899819999,"Nittnaus, Wolfgang",Zwillingsdorf,Lower Austria,Austria,Austrian Weigh-off,"1395,5 Lueders 14",self,340.7630080181301,699.6699458859111,0.0,Cinderella,1,281.7500270319153,medium
6307,2018-P,487,1025.7091304160626,"Sanita, Alessandro",goito,Lombardy,Italy,Festa della zucca di sale,2145macmullen,1642.5 sperry,372.2388122725189,1141.8862059656185,0.0,Early Giant,1,465.2534558836827,heavy
6343,2016-P,1257,364.2162761911131,"Ribechini, Alessio",Radda in Chianti,Tuscany,Italy,Pesa la Zucca! Foiano,,,262.6642819864117,372.139897738778,0.0,Rouge Vif d’Etampes,1,165.20558915007936,light
6346,2014-P,1673,119.12695813258551,"Blaimschain, Karl",,Other,Austria,Austrian Weigh-off,,,0.0,0.0,0.0,Big Moose,1,54.035035193275725,light
6357,2017-P,1116,462.2247523413147,"Dorner, Martin",Retz,Lower Austria,Austria,OO Landesgartenschau 2017 Kremsmunster,1714 Lueders,SIBB,0.0,0.0,0.0,Big Max,1,209.6614498640016,light
6366,2018-P,920,668.3412181806153,"Schoeffneger, Armin",Wien,Lower Austria,Austria,Austrian Weigh-off,1080.9 Melka,,0.0,0.0,0.0,Blue Hubbard,1,303.15422983698164,medium
6393,2014-P,930,616.977590162631,"Mitra, Marco",,Other,Italy,Festa della zucca di sale,,,304.1937416576209,736.6208544042121,0.0,Blue Hubbard,1,279.85609907704816,medium
6458,2013-P,1428,133.06166194804212,"Boeck, Alexander",Ernstbrunn,Lower Austria,Austria,Austrian Weigh-off,,,0.0,0.0,0.0,Big Moose,1,60.355705366336316,light
6488,2021-P,817,612.8293736094113,"Fellner, Herbert",Enzesfeld,Lower Austria,Austria,Leiserberge Weigh-off,,,314.43324465333626,679.0544247857674,0.0,Early Giant,1,277.97450123424005,medium
6499,2013-P,949,458.2194136208714,"Baimschein, Karl",Pruggern,Other,Austria,Austrian Weigh-off,,,0.0,0.0,0.0,Big Max,1,207.8446602631183,light
6504,2014-P,892,698.98529620992,"Bartoli, Ivan&William",Arezzo,Other,Italy,Pesa la Zucca! Foiano,,,326.45091451094186,715.0395773597922,0.0,Casper,1,317.05413847845,medium
6509,2019-P,184,1380.1054413172085,"Mauro, Mori",Garlate,Lombardy,Italy,Sfida degli Zucconi della Brianza,2145 McMullen,1810 Werner,392.2305130578116,1328.2769123129465,5.9984891364782165,Early Giant,1,626.0047873379552,heavy
6580,2013-P,1341,174.60629311080217,"Moretti, Sergio",,Other,Italy,Pesa la Zucca! Foiano,,,195.91672982537935,190.65354115908823,0.0,Wolf,1,79.20001770471498,light
6599,2020-P,EXH,467.6526014131574,"Melka, Friedrich",,Lower Austria,Austria,Europameisterschaft im Kurbiswiegen,1594 Melka,1594 Melka,268.9160675582014,472.0496585367225,2.0349841886426496,Dill's Atlantic,1,212.1234787801969,light
6610,2018-P,551,1104.2737979946523,"Chiti, Davide",Marone,Lombardy,Italy,Sfida degli Zucconi della Brianza,2269 Paton,1749 Daletas,358.74430099813884,962.7653480975852,5.117847795254021,Wolf,1,500.88976057999037,heavy
6615,2014-P,910,724.9126929614534,"Jaglarz, Mario",St. Michael,Carinthia,Austria,Austrian Weigh-off,,,325.6660488340095,662.0630601052161,0.0,Autumn Gold,1,328.8145982257716,medium
6619,2016-P,1118,558.4406102356962,"Dorner, Martin",,Lower Austria,Austria,Austrian Weigh-off,,,,583.1137123053622,0.0,Wolf,1,253.3041932780299,medium
6623,2018-P,351,1289.4711143902246,"Kurzreiter, Lukas",,Lower Austria,Austria,Austrian Weigh-off,2269 Paton,2145 McMullen,413.5917002837409,1430.2826646096214,0.0,Prizewinner,1,584.8937817184907,heavy
6633,2016-P,1484,196.99422052718387,"Giustarini, Vinicio",Valiano di Montepulciano,Tuscany,Italy,Pesa la Zucca! Foiano,,,195.2785650788213,197.93773600230065,2.085206593762108,Dill's Atlantic,1,89.35500247736638,light
6648,2013-P,1434,131.33547507021996,"Ribechini, Renato",Reggio Emilia,Other,Italy,Festa della zucca di sale,557 Danesi,557 Danesi,175.51888278470182,127.45594801051854,2.9245873590365745,Connecticut Field,1,59.57272080805121,light
6660,2015-P,785,864.6426188745068,"Mitra, Marco",,Other,Italy,Festa della zucca di sale,,,331.3762271528406,713.5408756787933,16.48615008269158,Wolf,1,392.1949747805253,medium
6661,2019-P,529,938.288344322836,"Steindl, Josef",Waidhofen an der Thaya,Lower Austria,Austria,Gartenbauschule Langenlois,1527 Melka,1527 Melka,345.45001920669563,898.5173613037657,1.9985942435446564,Wolf,1,425.6000866780838,medium
6695,2013-P,1428,134.50261757361895,"Felderstrasse, Team",Tulln,Lower Austria,Austria,Austrian Weigh-off,,,0.0,0.0,0.0,Connecticut Field,1,61.009311310452965,light
6729,2013-P,1309,232.00145364022268,"Prandi, Giuseppe",Trento,Other,Italy,Pesa la Zucca! Foiano,,,221.57010774191724,221.8028939879036,7.7280264178571105,Big Moose,1,105.23400335957588,light
6750,2016-P,EXH,601.2315234639831,"Bilski, Martin",Eggendorf,Lower Austria,Austria,Austrian Weigh-off,1767 Wallace,self,311.5809723281207,,0.0,Atlantic Giant,1,272.71380919107503,medium
6799,2013-P,EXH,885.9450291140391,"Bauhof Tulln, Team",Berndorf,Lower Austria,Austria,Austrian Weigh-off,1325 Sperry 11,934 Schieder 11,329.15349980694145,741.3136457974072,11.865438237712542,Spirit,1,401.8575776458952,medium
6806,2019-P,1131,447.9464809743665,"Thumfort, Mark",Au,Lower Austria,Austria,Gartenbauschule Langenlois,1789 Paton,sibb,260.02233432072205,490.777789790841,0.0,Early Giant,1,203.18494019812485,light
6809,2019-P,572,891.8299832825935,"Burgsteiner, Helmut",,Upper Austria,Austria,Austrian Weigh-off,1861.8 Cutrupi,,356.19752047357275,1010.595121837066,0.0,Atlantic Giant,1,404.52694577711816,medium
6839,2017-P,1016,570.4221111121939,"Gobbi, Alessio",,Lombardy,Italy,Sfida degli Zucconi della Brianza,,Self,285.71939357654054,560.566648928559,0.0,Autumn Gold,1,258.7389062236022,medium
6853,2017-P,1451,202.6178683577958,"Tranfaglia, Antonio",Garlate,Lombardy,Italy,Sfida degli Zucconi della Brianza,unknow,unknow,202.8285611834125,,5.861300945740137,Early Giant,1,91.90584414414931,light
6854,2014-P,544,961.06399131507,"Cutrupi, Stefano",Siena,Other,Italy,Festa della zucca di sale,1180 Bartoli,open,349.5346512109393,994.6041652304464,0.0,Prizewinner,1,435.9309379485852,medium
6863,2019-P,948,580.1901744729395,"Schoys, Josef",Ernstbrunn,Lower Austria,Austria,Leiserberge Weigh-off,2034 Barlow,self,0.0,0.0,0.0,Dill's Atlantic,1,263.16962161952955,medium
6878,2016-P,1121,526.928651300098,"Boeck, Alexander",Riederberg,Lower Austria,Austria,Austrian Weigh-off,"664,9 Jaglarz",self,,574.1841791577181,0.0,Champion,1,239.01062080051403,medium
6897,2021-P,1014,386.685275370223,"Jaglarz, Mario",Retz,Lower Austria,Austria,Austrian Weigh-off,888.5 Markl,self,278.2604391005472,432.7489412248758,0.0,Blue Hubbard,1,175.39734742573017,light
6937,2013-P,1299,222.41521614074003,"Ragosta, Giovanni",Peccioli,Other,Italy,Festa della zucca di sale,,,208.50258711390632,209.40710694409367,2.0005280899291367,Early Giant,1,100.88576271971056,light
6953,2016-P,832,749.8501255835349,"Puchner, Thomas",Langenlois,Lower Austria,Austria,Austrian Weigh-off,1159 Puchner,,335.0968859418541,771.0114800958631,0.0,Big Max,1,340.12601816368675,medium
6982,2019-P,529,962.6129495124844,"Hoefler, Norbert",Riederberg,Lower Austria,Austria,Gartenbauschule Langenlois,1527 Melka,1527 Melka,353.5983524500858,954.6070593244862,1.9615181003642956,Big Moose,1,436.6335329952668,medium
6990,2020-P,274,1300.106030668193,"Archetti, Paolo",Goito,Lombardy,Italy,Sfida degli Zucconi della Brianza,"1989,5 DALETAS",self,381.7572145972632,1350.0573180729627,0.0,Connecticut Field,1,589.717694662847,heavy
6993,2016-P,401,1177.7352462391718,"Team, Eichinger",,Upper Austria,Austria,Austrian Weigh-off,1448 Lovse,self,387.96579984958686,1199.6711270792412,0.0,Rouge Vif d’Etampes,1,534.2112858121184,heavy
7000,2021-P,487,1010.1243737720552,"Kloch, Kevin",Tulln,Lower Austria,Austria,Europameisterschaft im Kurbiswiegen,1911 Urena 2017,2226.7 Boonen 2018,340.6392530557315,1028.9862247891997,2.022720758972239,Connecticut Field,1,458.18433494801405,heavy
7024,2016-P,814,759.56317271048,"Cutrupi, Stefano",Casatenovo,Lombardy,Italy,Festa della zucca di sale,,,330.1211686692713,709.1130611630609,2.9500023401752613,Casper,1,344.53177863609204,medium
7026,2019-P,1131,429.174981009663,"Team, Jugendzentrum Berndorf",Riederberg,Lower Austria,Austria,Gartenbauschule Langenlois,1789 Paton,sibb,289.31780552421736,468.08168221496624,0.0,Jack O'Lantern,1,194.67033798613505,light
7036,2014-P,1347,349.1594820149747,"Melka, Friedrich",,Other,Austria,Austrian Weigh-off,,,,0.0,0.0,Atlantic Giant,1,158.3759477661364,light
7051,2016-P,1357,330.8754012749974,"Eichinger, Thomas",St. Margarethen,Carinthia,Austria,Austrian Weigh-off,342.8 Joebstl,,0.0,0.0,0.0,Jack O'Lantern,1,150.08243501512862,light
7079,2017-P,1190,448.53654188867125,"Mariarosa, Buffoli",Viarigi,Piedmont,Italy,Sfida degli Zucconi della Brianza,"1111,5 Berard","1297,5 Young",267.7892469203357,432.3597968494913,0.9818299240441428,Rouge Vif d’Etampes,1,203.45258710836617,light
7081,2019-P,1018,511.1972088575124,"Jaglarz, Mario",Tulln,Lower Austria,Austria,Austrian Weigh-off,Matthias 18,,277.4931367936323,567.9915673444935,0.0,Howden,1,231.87496436009675,medium
7084,2019-P,1557,148.15245432812844,"matteo, tosoni",Foiano della Chiana,Tuscany,Italy,Pesa la Zucca! Foiano,,,179.83966898457265,153.4083620019336,3.883946657278586,Big Moose,1,67.20076806360444,light
7108,2018-P,896,767.0821764797106,"Joebstl, Horst",Niederleis,Lower Austria,Austria,Austrian Weigh-off,,,366.0331375063666,953.7274042597448,0.0,Big Max,1,347.9423385937849,medium
7125,2019-P,EXH,255.34991247813775,"Schoffnegger, Guenther",Tulln,Lower Austria,Austria,Austrian Weigh-off,Karkos 2018,,207.22109860329115,262.24855273122927,2.9352232494287964,Atlantic Giant,1,115.82467750078345,light
7178,2013-P,1436,132.01932234975123,"Team, Die Garten Tulln",,Other,Austria,Austrian Weigh-off,,,0.0,0.0,0.0,Dill's Atlantic,1,59.882908463268365,light
7186,2021-P,1094,281.1695661611053,"Jaglarz, Mario",Bad Voeslau,Lower Austria,Austria,Leiserberge Weigh-off,1536.6 Boonen,self,227.56422332026125,294.2492841637545,0.0,Champion,1,127.53626585414808,light
7234,2014-P,EXH,392.3504582372354,"Mathias, Franz",,Other,Austria,Austrian Weigh-off,,,0.0,0.0,0.0,Spirit,1,177.96702905274407,light
7258,2018-P,1627,127.72209961245537,"Markl, Michael",,Vienna,Austria,Austrian Weigh-off,1124.8 Melka,1527.8 Melka,180.2233452151929,128.63007905291437,0.0,Howden,1,57.933722607412854,light
7281,2015-P,1235,481.12593136785927,"Eichinger, Thomas",Eitweg,Carinthia,Austria,Austrian Weigh-off,679 Joebstl 14,,0.0,0.0,0.0,Dill's Atlantic,1,218.23487346101,light
7335,2017-P,919,671.901696988763,"Vanneschi, Massimo",Radda in Chianti,Tuscany,Italy,Campionato dello Zuccone,,,332.9733599712944,726.2907477542742,0.0,Early Giant,1,304.76923454052695,medium
7382,2017-P,854,738.6210645189037,"Dorner, Martin",St. Marien,Upper Austria,Austria,OO Landesgartenschau 2017 Kremsmunster,,,0.0,0.0,0.0,Howden,1,335.0326058972586,medium
7386,2014-P,1280,416.7145463924542,"Moretti, Sergio e Davide",Arezzo,Other,Italy,Festa della zucca di sale,,,275.6311672545684,439.1640214955357,0.0,Spirit,1,189.0183845272461,light
7393,2017-P,31,1864.21908870353,"Prandi, Giuseppe",Lamporecchio,Tuscany,Italy,Europameisterschaft im Kurbiswiegen,2045 McMullen,sibb,455.1304889484121,1628.8404445221354,2.946217574700772,Wolf,1,845.5948648832115,heavy
7431,2018-P,1261,442.42368069579766,"Bartoli, Ivan",Radda in Chianti,Tuscany,Italy,Campionato dello Zuccone,1333 Garofano,Open,251.31396559131545,408.0184517550643,5.981145619350009,Champion,1,200.67984217416824,light
7530,2014-P,773,772.349219819245,"Bauhof Tulln, Team",Pruggern,Styria,Austria,Austrian Weigh-off,934 Schieder,,318.0633075135162,728.7610678929602,1.9295185039651623,Jack O'Lantern,1,350.331427316251,medium
7543,2013-P,455,942.290580801032,"Archetti, Paolo",Marone,Other,Italy,Pesa la Zucca! Foiano,,,347.4686177331,915.3578526876682,0.0,Rouge Vif d’Etampes,1,427.4154691267017,medium
7553,2017-P,1341,321.2289485878559,"Mariarosa, Buffoli",Foiano della Chiana,Tuscany,Italy,Campionato dello Zuccone,''' Michael,1490 Cutrupi,,301.83938736694904,0.0,Big Max,1,145.70688124786273,light
7587,2016-P,1279,394.5570511630887,"Puchner, Wilfried",Tulln,Lower Austria,Austria,Austrian Weigh-off,Garofano Vuolo 15,,0.0,0.0,0.0,Atlantic Giant,1,178.96792195116774,light
7615,2017-P,1016,477.7136292879901,"Gregori, Stefano",Malonno,Lombardy,Italy,Sfida degli Zucconi della Brianza,502 Turmolli,,268.5643666923417,506.60481836266194,0.0,Cinderella,1,216.687080535998,light
7629,2014-P,1591,147.03982417361513,"Lizzi, Denis",,Other,Italy,Campionato dello Zuccone,952 Bartoli,Open,188.8719114201744,185.7584790363096,0.0,Spirit,1,66.69608792655843,light
7656,2013-P,1512,60.05022316678544,"Gervasoni, Marta",Castelfiorentio,Tuscany,Italy,Campionato dello Zuccone,899 Cutrupi,Open,0.0,0.0,0.0,Wolf,1,27.238300826668542,light
7675,2013-P,960,516.4376577665996,"Klein, Freidrich",,Other,Austria,Austrian Weigh-off,,,0.0,0.0,0.0,Connecticut Field,1,234.25199006166744,medium
7680,2020-P,1011,474.4104579659678,"Langenlois, Gartenbauschule",Tulln,Lower Austria,Austria,Leiserberge Weigh-off,1279 Clementz,,284.5113624755328,472.2803105358922,0.0,Prizewinner,1,215.18878844969927,light
7691,2019-P,622,910.82402360632,"Kurzreiter, Lukas",St. Marien,Upper Austria,Austria,Leiserberge Weigh-off,,877 Hunt,351.0565329281965,918.926009223342,0.0,Spirit,1,413.1424905156379,medium
7715,2020-P,186,1483.581421981864,"Vendepane, Giulio",Poggiridenti,Lombardy,Italy,Sfida Nazionale della Zucca - Club Maspiano,2145 Mcmullen 2016,"2416,5 Haist",382.8215292028757,1240.1392174003122,7.997798420323187,Champion,1,672.9406643595977,heavy
7720,2016-P,764,838.8428991418099,"Dorner, Martin",Seefeld,Lower Austria,Austria,Austrian Weigh-off,1752 Lovse,,336.8639008496652,863.3512258301866,0.0,Spirit,1,380.49242830753184,medium
7756,2017-P,1013,545.164185477658,"Benedikt, Gottfried",TUlln,Lower Austria,Austria,Austrian Weigh-off,Blaimschen,Cutrupi,0.0,0.0,0.0,Dill's Atlantic,1,247.2821132191818,medium
7757,2020-P,962,500.5607933269861,"Klein, Martin",Gross Gerungs,Lower Austria,Austria,Retzer Land Weigh-off,520.3 Grabmayer 19,1395.6 Weishaeupl 18,282.21319886880565,508.69454478290095,0.0,Prizewinner,1,227.05037136677427,medium
7773,2019-P,1722,23.68068203139994,Team Langenlois Gartenbauschule,Langenlois,Lower Austria,Austria,Leiserberge Weigh-off,,,0.0,0.0,0.0,Dill's Atlantic,1,10.741367923986761,light
7804,2018-P,429,1206.5086127580005,"Freyberger, Iryna",St. Oswald,Styria,Austria,Austrian Weigh-off,1527.8 Melka 17,open,352.0222629224711,1014.21208964023,22.01522499635952,Cinderella,1,547.262654678127,heavy
7812,2020-P,961,493.9166351138816,"Puchner, Thomas",Riederberg,Lower Austria,Austria,Austrian Weigh-off,1252.2 Rataj 19,,280.8359512964576,469.2754498628706,6.00320310971053,Rouge Vif d’Etampes,1,224.0366343545758,light
7835,2014-P,285,1262.4291886722192,"Tosoni, Matteo",Rimini,Emilia-Romagna,Italy,Campionato dello Zuccone,1985 Miller,1625 Gantner,379.9129467201783,1190.152811575664,0.0,Blue Hubbard,1,572.6277805482092,heavy
7841,2013-P,926,545.7813598109145,"Sanita, Alessandro",,Other,Italy,Pesa la Zucca! Foiano,,,283.71204889628603,427.5557353175596,17.801117519254213,Early Giant,1,247.56205855935235,medium
7845,2016-P,1208,444.2312447641028,"Castelli, Carlo",Castelfiorentino,Tuscany,Italy,Campionato dello Zuccone,,,267.81147368741466,457.0141834158615,0.0,Autumn Gold,1,201.49973877503894,light
7877,2016-P,DMG,599.3986657061504,"Gervason, Andrea",Collevecchio,Lazio,Italy,Campionato dello Zuccone,,,287.6553420413906,637.1650943938445,0.0,Casper,1,271.8824395749842,medium
7889,2013-P,1436,132.76279907728883,"Malentacchi, Claudio",Arezzo,Other,Italy,Pesa la Zucca! Foiano,,,180.8638208828684,131.39028971811965,1.0174759958616262,Atlantic Giant,1,60.2201435590656,light
7913,2019-P,1542,166.66884040343894,"Spreafico, Luca",Coccaglio,Lombardy,Italy,Sfida degli Zucconi della Brianza,"1485,9 Petrelli",Self,190.68833708474543,165.0906864108906,3.044782182449385,Howden,1,75.59965265627667,light
7935,2017-P,EXH,677.544110031202,"Mosti, Rossano",Radda in Chianti,Tuscany,Italy,Campionato dello Zuccone,,,306.1466822019448,657.2972227219738,0.0,Spirit,1,307.328587957273,medium
7939,2015-P,785,912.1095578102072,"Ferraris, Giustino",,Other,Italy,Festa della zucca di sale,,,339.0353509151929,725.2515697919657,16.259866693315693,Wolf,1,413.7255985462475,medium
7971,2013-P,EXH,354.6800560129944,"Wonovsky, Victoria",Retz,Lower Austria,Austria,Austrian Weigh-off,,,0.0,0.0,,Casper,1,160.88003596704615,light
7993,2014-P,995,596.5698478340736,"Nittnaus, Wolfgang",Gols,Burgenland,Austria,Austrian Weigh-off,,,293.867849537384,589.3184463224792,5.061946486329277,Big Moose,1,270.5993104187531,medium
7998,2017-P,399,1183.4416573132232,"Turmolli, Andrea",Umbertide,Umbria,Italy,Pesa la Zucca! Foiano,,,354.3619979995687,1321.0985090620138,0.0,Big Moose,1,536.7996682240196,heavy
8003,2015-P,1381,402.7791531585362,"Eichinger, Thomas",,Other,Austria,Austrian Weigh-off,1751 Lovse 14,,0.0,0.0,0.0,Casper,1,182.69740163948674,light
8007,2020-P,EXH,758.475265069091,"Maffessoli, Valter",Castiglion Fiorentino,Tuscany,Italy,Campionato dello Zuccone,923.7 Asta,Open,324.5448062983083,838.5118508580649,0.0,Rouge Vif d’Etampes,1,344.0383124332191,medium
8012,2014-P,863,626.5683288819329,"Schofnegger, Armin",,Other,Austria,Austrian Weigh-off,934 Schieder,,294.2627317705248,654.4333921290979,0.0,Jack O'Lantern,1,284.2063814342137,medium
8020,2020-P,499,986.645930198448,"Bertone, Andrea",Caiazzo,Campania,Italy,Campionato dello Zuccone,1795.5 McCracken,Self,343.05685367882427,945.5299448802296,5.021854042927991,Blue Hubbard,1,447.53470077057443,medium
8033,2016-P,1123,530.552975863339,"Puchner, Thomas",Gols,Burgenland,Austria,Austrian Weigh-off,Wallace,,294.42600464979165,572.578153235264,0.0,Champion,1,240.65458542780368,medium
8064,2013-P,693,680.79379729683,"matteo, tosoni",Lumezzane,Other,Italy,Festa della zucca di sale,,1420 Cutrupi,299.393232918194,700.6955487164159,0.0,Wolf,1,308.8026201034637,medium
8076,2018-P,1358,362.3241463227943,"Morucci, Davide",Castiglion Fiorentino,Tuscany,Italy,Pesa la Zucca! Foiano,,,232.70714087918265,312.8187217532475,3.030159084542188,Rouge Vif d’Etampes,1,164.3473341788489,light
8082,2019-P,EXH,207.13994743384904,"Liberatori, Lido",Goito,Lombardy,Italy,Sfida degli Zucconi della Brianza,"1257,7 Petrelli",Self,205.91351417911932,202.86651943838288,0.0,Champion,1,93.95702303641445,light
8083,2019-P,498,991.9031529363414,"Acquisto, Oriana",Capua,Campania,Italy,Campionato dello Zuccone,1911 Urena,Self,360.4624858516237,1016.9503635506048,0.0,Autumn Gold,1,449.9193349467009,medium
8104,2021-P,927,454.605581610739,Team Toellergasse,Sooss,Lower Austria,Austria,Leiserberge Weigh-off,2241 Van Geel 19,,255.4390026723617,497.2198629178638,0.0,Prizewinner,1,206.20545497397833,light
8106,2020-P,1215,221.17845736404797,"Cutrupi, Stefano",Ambra,Tuscany,Italy,Pesa la Zucca! Foiano,,,179.3573496219483,147.61512813628295,55.83393278680919,Howden,1,100.32477883267325,light
8126,2018-P,642,860.3905433308886,"Mathias, Franz",,Lower Austria,Austria,Austrian Weigh-off,2090.5 Stelts,,364.36830288298336,997.3074460180331,0.0,Wolf,1,390.2662673305444,medium
8127,2013-P,EXH,563.1175133692329,"Team, Donauland Kompost",,Other,Austria,Austrian Weigh-off,,,0.0,0.0,0.0,Champion,1,255.4255991241771,medium
8129,2021-P,580,873.1365348776873,"Eder, Reinhard",,Vienna,Austria,Austrian Weigh-off,1527 Melka,1911 Urena,,930.8116499640804,0.0,Prizewinner,1,396.0477471282399,medium
8171,2016-P,EXH,190.02603341442563,"Casella, Salvatore",Farigliano,Piedmont,Italy,Campionato dello Zuccone,,,199.43207838366905,,7.122555268271263,Champion,1,86.19428854851614,light
8180,2014-P,1040,579.8868722540615,"Kittenberger, Christian",Waidhofen/Thaya,Lower Austria,Austria,Austrian Weigh-off,,,316.6908363463176,621.8195404675007,0.0,Big Max,1,263.03204615946424,medium
8222,2020-P,467,1111.1812033690894,"Lizzi, Denis",Casatenovo,Lombardy,Italy,Sfida Nazionale della Zucca - Club Maspiano,"2012,8 Salvagni",Self,361.7511658027935,1249.8055546854516,0.0,Prizewinner,1,504.022904398592,heavy
8233,2020-P,392,1143.0674933864375,"Sartini, Gabriele",Casatenovo,Lombardy,Italy,Sfida degli Zucconi della Brianza,"1997,4 BOONEN HERMAN",self,,1184.708738504897,0.0,Big Max,1,518.486270460141,heavy
8234,2020-P,884,575.2840219283189,"Grabmayer, Manfred",Tulln,Lower Austria,Austria,Retzer Land Weigh-off,,,285.14107523410246,582.6736924304763,0.0,Autumn Gold,1,260.94423007451,medium
8280,2017-P,1371,263.16971009967875,"Sartini, Valerio",Poggiridenti,Lombardy,Italy,Festa della zucca di sale,unknow,unknow,212.4088612176804,245.05526500229053,2.986113058310224,Autumn Gold,1,119.37167514353348,light
8291,2019-P,1721,27.378758280878923,"Kurzreiter, Lukas",,Lower Austria,Austria,Leiserberge Weigh-off,,,0.0,0.0,0.0,Atlantic Giant,1,12.418785726140433,light
8324,2021-P,643,842.0892360083219,"Reischer, Lena und Melanie",Au,Lower Austria,Austria,Leiserberge Weigh-off,1396 Melka,1067 Joebstl,322.852059941852,909.1817286024288,0.0,Big Moose,1,381.96494073948674,medium
8378,2015-P,1755,79.03054510133323,"Melka, Friedrich",St. Michael,Other,Austria,Austrian Weigh-off,,,0.0,0.0,0.0,Blue Hubbard,1,35.84762301360394,light
8381,2015-P,601,954.4882438988296,"Salvagni, Augusto",Siena,Other,Italy,Festa della zucca di sale,,,348.9716850211473,1066.6521412461557,0.0,Cinderella,1,432.94823152655795,medium
8389,2020-P,877,556.7930197748219,"Turmolli, Andrea",Foiano della Chiana,Tuscany,Italy,Pesa la Zucca! Foiano,,,299.800961730843,641.1946288535281,0.0,Early Giant,1,252.55685942570102,medium
8428,2019-P,817,676.8268152420284,"Team, Eichinger",,Lower Austria,Austria,Gartenbauschule Langenlois,JZB 17,,307.57264508807845,698.1222333803338,0.0,Early Giant,1,307.00322877926214,medium
8452,2013-P,991,443.917854803617,"Puchner, Thomas",,Other,Austria,Austrian Weigh-off,,,0.0,0.0,0.0,Atlantic Giant,1,201.35758759608223,light
8471,2013-P,1085,385.4992445709661,"Stefano, Musso",,Other,Italy,Pesa la Zucca! Foiano,,,223.12003332798287,228.16921594869,61.65180009490599,Big Moose,1,174.85937334343365,light
8498,2017-P,1276,368.7443056889659,"Gartenschau, DIE GARTEN TULLN",Tulln,Lower Austria,Austria,Austrian Weigh-off,951 Mathias 15,,0.0,0.0,0.0,Prizewinner,1,167.25946710606942,light
8529,2017-P,1098,518.5113757276096,"Aininger, Gerald",Riederberg,Lower Austria,Austria,OO Landesgartenschau 2017 Kremsmunster,2095 Willemijns,1726 Cutrupi,0.0,0.0,0.0,Blue Hubbard,1,235.19261193903787,medium
8539,2013-P,1341,200.40075169797643,"Briini, BrunoTizianoGino",,Other,Italy,Pesa la Zucca! Foiano,,,,213.11394256199765,0.0,Prizewinner,1,90.90017776418853,light
8549,2019-P,1674,64.51922553991082,"Mathias, Franz",Bad Voeslau,Lower Austria,Austria,Leiserberge Weigh-off,,,0.0,0.0,0.0,Jack O'Lantern,1,29.265404551099227,light
8552,2016-P,305,1314.789641028523,"Balloni-Rabazzi,",Godiasco,Lombardy,Italy,Festa della zucca di sale,2185 brandt,1521 cutrupi,392.67313044835015,1264.9370972121358,1.9718031751000864,Champion,1,596.3780628534098,heavy
8558,2020-P,968,479.0341461361919,"Squitieri, Danilo",Foiano della Chiana,Tuscany,Italy,Pesa la Zucca! Foiano,,,266.6939583030848,488.4952305384658,2.0821328285153533,Blue Hubbard,1,217.28605641420756,light
8565,2018-P,223,1460.6582473087217,"Colzani, Enrico",Sirtori,Lombardy,Italy,Sfida degli Zucconi della Brianza,1928 Daletas,,408.80016669085694,1344.5054858677888,1.024244183143294,Connecticut Field,1,662.5428957132577,heavy
8589,2021-P,EXH,961.2795089466666,"Cupertori,",Foiano della chiana,Tuscany,Italy,Campionato dello Zuccone,2350 Gienger,2552 Mendi,370.3767435813893,1138.98526812535,0.0,Wolf,1,436.0286950221364,medium
8604,2016-P,DMG,899.4844435799314,"Felderstrasse, Team",Wien,Vienna,Austria,Austrian Weigh-off,Harnica,,339.8212267706082,998.1042491765644,0.0,Howden,1,407.99894773230824,medium
8613,2020-P,851,561.4256899417544,"Gartenschau, DIE GARTEN TULLN",,Lower Austria,Austria,Austrian Weigh-off,2433 Paton,2114 Wallace,292.5904732653957,627.1816094675582,0.0,Prizewinner,1,254.65820155206026,medium
8639,2020-P,200,1365.8281179375035,"Jaglarz, Mario",Langenlois,Lower Austria,Austria,Leiserberge Weigh-off,2016.6 Boonen 2017,2226.7 DMGBoonenHerman 2018,418.8578797166293,1499.3697968817164,0.0,Cinderella,1,619.5287076715081,heavy
8641,2013-P,963,525.8815865627138,"Melka, Friedrich",Ernstbrunn,Lower Austria,Austria,Austrian Weigh-off,,,0.0,0.0,0.0,Champion,1,238.53568061215447,medium
8645,2013-P,1519,60.43443799420323,"Boschi, Valerio",Siena,Other,Italy,Campionato dello Zuccone,,,0.0,0.0,0.0,Dill's Atlantic,1,27.41257759866663,light
8653,2015-P,995,727.5049288259329,"Asta, Carmelo",Peccioli,Other,Italy,Campionato dello Zuccone,1488 Cutrupi est-dmg,Open,311.0491567960202,679.5403769175125,7.708871423496959,Connecticut Field,1,329.99041567601256,medium
8680,2015-P,1434,340.7731718041536,"Tosoni, Matteo",Reggio Emilia,Other,Italy,Pesa la Zucca! Foiano,,,263.3930761055894,348.73941581853427,0.0,Jack O'Lantern,1,154.57198454498965,light
8746,2014-P,1720,62.95261084682305,"Tarcisio, Buffoli",goito,Lombardy,Italy,Festa della zucca di sale,,,135.16047021944905,71.7537355889737,0.0,Connecticut Field,1,28.55480065923216,light
8780,2021-P,915,495.4452598452136,"Jaglarz, Mario",St. Marien,Upper Austria,Austria,Austrian Weigh-off,1548 Wuersching 20,1104.5 Langheim 19,318.1955295388927,529.4754184924556,0.0,Casper,1,224.73000630371013,light
8793,2017-P,1260,348.85922888585486,"Mandorlini, Franco",Semproniano,Tuscany,Italy,Campionato dello Zuccone,,,246.45341591618276,361.2022793895338,0.0,Atlantic Giant,1,158.23975534879267,light
8813,2021-P,619,765.3078740620836,"Mathias, Franz",Pichl,Upper Austria,Austria,Austrian Weigh-off,1621.5 Marshall,,336.8783956368005,794.7769841975293,0.0,Connecticut Field,1,347.1375292115686,medium
8822,2018-P,947,658.0044999588844,"Wischer, Andreas",Nonndorf,Lower Austria,Austria,Austrian Weigh-off,1527.8 Melka,2090.5 Stelts,301.1645619877385,,0.0,Rouge Vif d’Etampes,1,298.46557714535027,medium
8829,2014-P,1290,404.78112557498497,Team Schaugarten Kittenberger Erlebnisgaertnen,,Other,Austria,Austrian Weigh-off,,,0.0,0.0,0.0,Jack O'Lantern,1,183.60548031180858,light
8833,2019-P,1618,100.5606814567152,"Team, Bauhof Tulln",Wien,Vienna,Austria,Austrian Weigh-off,2043 Clementz,,145.79093854519195,73.28126096906057,39.24450790181807,Champion,1,45.61352062331436,light
8843,2016-P,1601,89.33024066729259,"Rodler, Bernd",Waidhofen/Thaya,Lower Austria,Austria,Austrian Weigh-off,,,0.0,0.0,0.0,Jack O'Lantern,1,40.51948252475858,light
8846,2014-P,977,624.3809553204063,"Petrelli, Francesco",,Other,Italy,Campionato dello Zuccone,,Self,309.43143772953664,670.9501822321079,0.0,Blue Hubbard,1,283.21420628569376,medium
8880,2021-P,1000,392.20340369690615,"Boeck, Alexander",Tulln,Lower Austria,Austria,Retzer Land Weigh-off,421.1 Team Bauhof  20,self,273.675869706923,496.9706168517757,0.0,Cinderella,1,177.90032628968706,light
8916,2021-P,324,1307.3697649718845,"Zucchelli, Michael",Sirtori,Lombardy,Italy,Sfida Nazionale della Zucca - Club Maspiano,2183 MENDI,1025 MUSCAS,396.0531238228825,1413.312632751121,0.0,Dill's Atlantic,1,593.012466433127,heavy
8938,2016-P,1156,536.1759565117029,"Battista, Gregori",Malonno,Lombardy,Italy,Pesa la Zucca! Foiano,,,292.1225468169305,522.588188368515,5.89801524056109,Rouge Vif d’Etampes,1,243.20512446605633,medium
8941,2020-P,820,621.0300219219266,"Bartoli, Ivan",Castelfiorentino,Tuscany,Italy,Pesa la Zucca! Foiano,,,283.8761489284028,566.8635727389604,9.154216871237722,Autumn Gold,1,281.6942497036105,medium
8957,2021-P,1192,198.36941780765528,"Asta, Carmelo",Malonno,Lombardy,Italy,Sfida degli Zucconi della Brianza,,,198.7950583565863,183.46746371151372,8.945853295012139,Prizewinner,1,89.97878096220997,light
9001,2016-P,1390,294.1763702818593,Team Petrelli,Piancamuno,Other,Italy,Festa della zucca di sale,,,232.45888484244003,290.4179174266121,0.0,Blue Hubbard,1,133.4360481488891,light
9005,2014-P,1374,355.7067924798521,"Mazzucchelli, Mario",Dragoni,Other,Italy,Campionato dello Zuccone,1382 Cutrupi,Open,,355.3191548958447,2.028710577491581,Blue Hubbard,1,161.34575541452105,light
9023,2015-P,524,1026.1549584818777,"Valeriani, Claudio",Grosseto,Other,Italy,Festa della zucca di sale,,,368.0925136169684,1105.6343701520975,0.0,Blue Hubbard,1,465.45567992771186,heavy
9027,2020-P,408,1058.335185460061,"Jaglarz, Mario",Regau,Vienna,Austria,Austrian Weigh-off,1527 Melka,,352.3509411101657,946.8813554367242,2.0591743496008577,Autumn Gold,1,480.0523734432,heavy
9066,2013-P,517,843.882350895754,"Spreafico, Luca",Camucia,Other,Italy,Pesa la Zucca! Foiano,,,359.58917493758446,1029.265335152793,0.0,Big Max,1,382.77828330750685,medium
9069,2015-P,1379,407.137979028977,"Tinteri, Giovanni",Siena,Other,Italy,Campionato dello Zuccone,----,Open,273.989090434254,383.6144244403181,5.881275899019689,Howden,1,184.67453018371174,light
9075,2017-P,DMG,491.25078934883015,"Bartoli, Ivan&William",Poggiridenti,Lombardy,Italy,Pesa la Zucca! Foiano,,,289.0774899886762,528.4773710805395,0.0,Casper,1,222.82742804231455,light
9084,2021-P,EXH,913.4220343760056,"Cassioli, Rita",Peccioli,Tuscany,Italy,Campionato dello Zuccone,2350 Gienger,2552 Mendi,,962.8157688225411,0.0,Dill's Atlantic,1,414.3209274166811,medium
9098,2014-P,1347,367.1535590924354,"Mathias, Franz",,Other,Austria,Austrian Weigh-off,,,0.0,0.0,0.0,Big Max,1,166.53791717585594,light
9129,2020-P,630,893.6403739730222,"Kurzreiter, Lukas",,Lower Austria,Austria,Leiserberge Weigh-off,368 Joebstl,1369 Arsens,371.83752229326063,937.6741205709204,0.0,Dill's Atlantic,1,405.3481245111711,medium
9158,2017-P,1341,275.121186021209,"Asta, Carmelo",Radda in Chianti,Tuscany,Italy,Campionato dello Zuccone,''' Michael,1490 Cutrupi,233.6502444129863,295.77953054536886,0.0,Early Giant,1,124.79276900973223,light
9169,2020-P,EXH,897.5574432137036,"Joebstl, Horst",Baerndorf,Lower Austria,Austria,Europameisterschaft im Kurbiswiegen,1080 Melka,1527 Melka,339.70178791092854,880.2090529332221,0.0,Howden,1,407.1248757821902,medium
9205,2019-P,EXH,685.2041067236289,"Colombo, Marcello",Sale Marasino,Lombardy,Italy,Sfida degli Zucconi della Brianza,2012 Salvagni,Self,314.0090403291877,565.318809188223,8.035565565179615,Casper,1,310.8031011769843,medium
9209,2019-P,664,886.6174362113732,"Jaglarz, Mario",Langenlois,Lower Austria,Austria,Gartenbauschule Langenlois,2152 Gantner,self,360.8201029321804,976.331606112346,0.0,Dill's Atlantic,1,402.1625761259892,medium
9218,2015-P,EXH,338.00187057872176,"Fellner, Herbert",Ernstbrunn,Lower Austria,Austria,Austrian Weigh-off,1751 Lovse 14,,0.0,0.0,0.0,Champion,1,153.31494447954356,light
9270,2013-P,97,1389.6924944940056,"Agnelli, Chiara",Pontedera,Tuscany,Italy,Campionato dello Zuccone,1420 Cutrupi,1789 Wallace,397.9940388984353,1267.7111256471628,9.02698869405352,Big Moose,1,630.3533979625249,heavy
9280,2015-P,1440,322.5628128464751,"Falchi, Brunero",Foiano,Tuscany,Italy,Campionato dello Zuccone,1726 Cutrupi,Open,233.41110221330183,280.7661110820418,9.744018992311888,Wolf,1,146.31191140465833,light
9291,2013-P,693,724.718157062365,"Ondelli, Franco",,Other,Italy,Festa della zucca di sale,1279 Bartoli,1420 Cutrupi,321.79379081282184,690.0168781902412,,Prizewinner,1,328.72635829823224,medium
9305,2021-P,EXH,334.3987943502861,"Puchner, Thomas",,Lower Austria,Austria,Austrian Weigh-off,Biermanns,,258.4888186734256,360.452080683494,0.0,Cinderella,1,151.68061792693496,light
9315,2015-P,678,988.943400258328,"Vendepane, Giulio",,Other,Italy,Festa della zucca di sale,,,363.1497918976469,1036.4303652161402,0.0,Cinderella,1,448.5768148099755,medium
9319,2020-P,DMG,875.8752434850356,"Pezza, Davide",Pontedera,Tuscany,Italy,Campionato dello Zuccone,2416.5 Haist,Self,324.9747979344506,751.5328212672795,14.9216588334518,Wolf,1,397.2900034428643,medium
9327,2015-P,1738,97.06969329180394,"Turmolli, Andrea, Anna and Pato",Arezzo,Other,Italy,Festa della zucca di sale,,,0.0,0.0,,Dill's Atlantic,1,44.03003631961593,light
9403,2014-P,1347,362.47935991698114,"Annengarten, Team",Ullrichskirchen,Other,Austria,Austrian Weigh-off,,,0.0,0.0,0.0,Atlantic Giant,1,164.4177378234633,light
9422,2019-P,1287,328.32760048834143,"Gartenbauschule Langenlois, Team Schaugarten",Doerfles,Lower Austria,Austria,Gartenbauschule Langenlois,1080.9 Melka,,251.5379276244373,334.47659944555403,0.0,Wolf,1,148.92677296070775,light
9434,2020-P,941,532.4115938450612,"Aininger, Gerald",Buchkirchen,Upper Austria,Austria,Leiserberge Weigh-off,1374 Engel,open,278.8161511641851,488.7988015890819,2.9493289698783647,Blue Hubbard,1,241.49763967536902,medium
9443,2016-P,1118,552.984321159485,"Hausgarten, Team",Riederberg,Lower Austria,Austria,Austrian Weigh-off,,,307.23097521047686,562.7446619707739,0.0,Howden,1,250.82926420337313,medium
9450,2021-P,1,2977.459895977168,"Fiorini, Pietro",Foiano della Chiana,Tuscany,Italy,Campionato dello Zuccone,1885.5 Werner,Self,521.3399808334508,2658.125871386248,6.079149642217559,Spirit,1,1350.5519891360755,heavy
9463,2016-P,848,720.2657768723648,"walter, maffesoli",Farigliano,Piedmont,Italy,Pesa la Zucca! Foiano,,,367.1293532039092,1287.7097157452572,0.0,Howden,1,326.70679426308965,medium
9494,2020-P,711,783.3493657028514,"Gabriele  e sauro, Bartoli",Pontedera,Tuscany,Italy,Campionato dello Zuccone,923.7 Asta,Open,319.68389722324514,774.74402134974,0.0,Big Max,1,355.32100548788776,medium
9513,2020-P,1303,119.8182688086216,"Grabmayer, Manfred",Tulln,Lower Austria,Austria,Retzer Land Weigh-off,,,0.0,0.0,0.0,Connecticut Field,1,54.348608185440284,light
9667,2015-P,1662,163.56346118952442,"Michele, Mori",Foiano della Chiana,Other,Italy,Festa della zucca di sale,,,179.01195149546086,130.25158829130677,25.45381545312097,Prizewinner,1,74.19107748787876,light
9686,2019-P,585,966.4560456774294,"Micheli, Paolo",,Tuscany,Italy,Campionato dello Zuccone,1365,Self,342.21887635202825,871.5172550217035,4.93355602030868,Big Max,1,438.3767306709166,medium
9689,2020-P,763,719.9924872740983,"Dorner, Martin",Tulln,Lower Austria,Austria,Austrian Weigh-off,793.7 Dorner 19,,335.690415880102,720.6146571297527,0.0,Spirit,1,326.58283228763275,medium
9705,2013-P,961,440.6794117569754,"Ardenti, Mario",Cologne,Other,Italy,Festa della zucca di sale,1490 Cutrupi,1490 Cutrupi,261.502459940365,431.6039463449707,5.118988343329002,Casper,1,199.88865573766998,light
9717,2013-P,829,544.1228704393995,"Melka, Friedrich",,Other,Austria,Austrian Weigh-off,,,0.0,0.0,0.0,Big Max,1,246.80978104834813,medium
9718,2015-P,1755,78.1191551860349,"Fuchs, Daniel",,Other,Austria,Austrian Weigh-off,,,0.0,0.0,0.0,Early Giant,1,35.43422383914394,light
9747,2016-P,DMG,989.5404050826436,"Team, Bauhof Tulln",Wien,Vienna,Austria,Austrian Weigh-off,Harnica,,361.6018964114706,967.0796437739982,0.0,Big Max,1,448.8476114222465,medium
9767,2018-P,261,1389.0189922313618,"Deri, Matteo",Francolino (Fe),Emilia-Romagna,Italy,Sfida degli Zucconi della Brianza,"2075,5 Connolly",2043 Clements,402.79475935021065,1405.9005384586148,0.0,Howden,1,630.0479027242079,heavy
9769,2020-P,EXH,454.0890946545081,"Aininger, Gerald",Ernstbrunn,Lower Austria,Austria,Europameisterschaft im Kurbiswiegen,1594 Melka,1594 Melka,260.83397923200675,479.5479024921756,2.035711708200253,Connecticut Field,1,205.9711806225276,light
9772,2014-P,1626,142.48241862651363,"Melka, Friedrich",,Other,Austria,Austrian Weigh-off,,,0.0,,0.0,Prizewinner,1,64.62888522963758,light
9783,2020-P,850,631.6564589221421,"Melka, Friedrich",,Vorarlberg,Austria,Austrian Weigh-off,685 Assam,self,305.44423369600804,611.3329668242737,1.979773804661903,Champion,1,286.51431651541225,medium
9790,2018-P,807,777.4366738746675,"Buechinger, Michael",Haag,Lower Austria,Austria,Austrian Weigh-off,,open,0.0,0.0,0.0,Casper,1,352.63905577615816,medium
9802,2020-P,364,1012.8587736976752,"Secco, Davide",,Lombardy,Italy,Sfida Nazionale della Zucca - Club Maspiano,1025.1 Muscas,Self,366.748235981192,1021.2764154739268,0.0,Champion,1,459.42463687907593,heavy
9811,2014-P,285,1205.3556747458558,"Emidio, Boloni",Rimini,Emilia-Romagna,Italy,Campionato dello Zuccone,1985 Miller,1625 Gantner,383.9063624450254,1278.707621203128,0.0,Spirit,1,546.7396912193223,heavy
9820,2019-P,1180,390.6802105580145,"Arigucci, Gabriele",Chianciano,Tuscany,Italy,Pesa la Zucca! Foiano,,,267.93929129137905,376.00008309227104,4.112732916427334,Cinderella,1,177.2094180674309,light
9836,2020-P,1071,358.04363300320057,"Salvagni, Augusto",Godiasco,Lombardy,Italy,Sfida Nazionale della Zucca - Club Maspiano,1132 Gregori,Open,239.03290397320603,365.3920669340451,0.0,Dill's Atlantic,1,162.40572758118776,light
9838,2019-P,1135,440.9425132056045,"Klein, Hubert",,Lower Austria,Austria,Austrian Weigh-off,1916 Barron 14,,268.2053021597105,416.81525496159,8.070352797940023,Big Max,1,200.00799644995655,light
9861,2013-P,1428,136.2965351056145,"Fischer, Cornelia",Tulln,Lower Austria,Austria,Austrian Weigh-off,,,0.0,0.0,0.0,Big Moose,1,61.82301795162589,light
9873,2019-P,1719,28.250341901979407,"Melka, Friedrich",Nonndorf,Lower Austria,Austria,Leiserberge Weigh-off,,,0.0,0.0,0.0,Spirit,1,12.814129084002643,light
9884,2016-P,1597,100.30789534298908,"Piero, Cassioli",,Lombardy,Italy,Festa della zucca di sale,,,163.10001610198825,106.14898871951276,0.0,Champion,1,45.4988588644171,light
9914,2016-P,EXH,446.6711775964615,"Morucci, Davide",Terricciola,Tuscany,Italy,Campionato dello Zuccone,,,292.7628667794222,522.6930298294833,,Cinderella,1,202.60647278833417,light
9931,2020-P,124,1685.5599139296528,"Nittnaus, Wolfgang",Tulln,Lower Austria,Austria,Austrian Weigh-off,2226.7 Boonen,,439.2167851398276,1808.7213272612807,0.0,Prizewinner,1,764.556492479179,heavy
9976,2016-P,1455,242.817157838991,"Marco, Rosati",Sale Marasino,Lombardy,Italy,Festa della zucca di sale,,,210.59339460129272,219.37246293644972,10.028121863015931,Autumn Gold,1,110.13992025850361,light
10003,2016-P,1035,615.0598427583061,Team Maggioni,Cassago Brianza,Lombardy,Italy,Festa della zucca di sale,1813 northrup,,282.91233999978874,539.8779481269896,16.767786348444215,Casper,1,278.98622419642555,medium
10011,2016-P,DMG,1397.865200684659,"Tinteri, Giovanni, Stefano",Umbertide,Umbria,Italy,Pesa la Zucca! Foiano,,,387.3948626626964,1233.5075873174883,16.470774731707692,Autumn Gold,1,634.0604721089558,heavy
10066,2019-P,1405,242.9036016579559,"Team, Donauland Kompost",Riederberg,Lower Austria,Austria,Gartenbauschule Langenlois,,,233.73532420807368,265.8463708307124,0.0,Atlantic Giant,1,110.17913048323554,light
10104,2018-P,21,1984.428333394185,"Ferretti, Giulio",Cologne,Lombardy,Italy,Festa della zucca di sale,werner 1810,werner 1810,482.4440735941871,1846.143777412066,3.994893895945166,Early Giant,1,900.1208166009352,heavy
10141,2018-P,DMG,1870.4063905516289,"Deri , Giacomo",Arezzo,Other,Italy,Festa della zucca di sale,1810 werner,1625 gartner,436.943402834723,1929.756883295272,0.0,Casper,1,848.4013755030944,heavy
10148,2013-P,1343,193.494470338284,"Barreca, Alessandro",,Other,Italy,Festa della zucca di sale,,,228.25737659229847,238.93797860249217,0.0,Rouge Vif d’Etampes,1,87.76754378968292,light
10168,2018-P,859,680.6238114218457,"Jaglarz, Mario",,Upper Austria,Austria,Austrian Weigh-off,793.6 Melka,695 Kaar 17,0.0,,0.0,Casper,1,308.72551587045785,medium
10188,2018-P,575,1056.8978358862648,"Hoefler, Norbert",Kleinhadersdorf,Lower Austria,Austria,Austrian Weigh-off,1080.9 Melka,2145 McMullen,357.0270055000543,1035.3270492392269,2.0789739809459578,Big Moose,1,479.40040317532265,heavy
10197,2019-P,EXH,216.1152005426982,"Chiti, Davide",Poggiridenti,Lombardy,Italy,Sfida degli Zucconi della Brianza,"1257,7 Petrelli",Self,208.58469450025075,219.77578243335333,0.0,Autumn Gold,1,98.02812604456356,light
10207,2020-P,424,1051.8685008829211,"Kloch, Kevin",Oberkreuzstetten,Lower Austria,Austria,Europameisterschaft im Kurbiswiegen,1527 Melka,1594 Melka,366.689977013965,979.8885236456692,3.882188433179437,Big Max,1,477.11913705248594,heavy
10243,2013-P,1163,352.77192436524325,"Turmoli, Andrea",,Other,Italy,Pesa la Zucca! Foiano,,,244.05734877148095,331.5977396111895,3.038643011082262,Early Giant,1,160.0145227166794,light
10251,2019-P,585,877.1518565191337,"Turla, Antonio",Radda in Chianti,Tuscany,Italy,Campionato dello Zuccone,1365,Self,322.70629089536993,825.2747734406938,5.060145105311655,Blue Hubbard,1,397.8690649022269,medium
10254,2016-P,1455,226.74986414769285,"Fratagnoli, Danilo",Garlate,Lombardy,Italy,Festa della zucca di sale,,,213.6819906827741,211.3834853216083,10.084673024453796,Big Max,1,102.85192437848029,light
10257,2017-P,1309,332.2290414654001,"Zucchelli, Michael",Foiano della Chiana,Tuscany,Italy,Pesa la Zucca! Foiano,,,,328.805229780647,0.0,Casper,1,150.69643537637376,light
10287,2017-P,EXH,339.5719248167699,"Asta, Carmelo",Radda in Chianti,Tuscany,Italy,Campionato dello Zuccone,,,243.44655426767116,344.4951883967008,0.0,Cinderella,1,154.0271085214883,light
10294,2013-P,EXH,483.5107540268873,"Dorner, Martin",,Other,Austria,Austrian Weigh-off,,,0.0,0.0,0.0,Connecticut Field,1,219.31660994056386,light
10322,2013-P,1325,226.74266196973517,"Plebani, Cristian",Arezzo,Other,Italy,Festa della zucca di sale,,,199.16373708055,205.1187144716284,3.8796997354403167,Rouge Vif d’Etampes,1,102.84865752817612,light
10338,2021-P,777,648.4941596209795,"Grabmayer, Manfred",Retz,Lower Austria,Austria,Early Weigh-off Ludwigsburg,,2139 Skonager 20,295.8919784249451,555.6250037206315,6.961994109408764,Big Max,1,294.15176285079934,medium
10349,2016-P,771,834.3892200691316,"Gabriele, Arrigucci",Sirtori,Lombardy,Italy,Campionato dello Zuccone,1866 Cutrupi,self,354.4591374429185,959.243718028884,,Rouge Vif d’Etampes,1,378.47227510959755,medium
10351,2013-P,1155,345.46590895762347,"Manenti, Flli.",Trento,Other,Italy,Campionato dello Zuccone,1278 Bartoli,Open,0.0,0.0,0.0,Prizewinner,1,156.70057257590634,light
10365,2020-P,913,587.9937475232318,"Boschi, Valerio",Terricciola,Tuscany,Italy,Pesa la Zucca! Foiano,,,293.2401683415161,538.0567053177884,9.716539770586447,Blue Hubbard,1,266.70925992655776,medium
10413,2013-P,1152,345.6850194231947,"Mosti, Rossano",,Other,Italy,Campionato dello Zuccone,899 Cutrupi,Open,0.0,0.0,0.0,Big Moose,1,156.79995933020572,light
10450,2017-P,95,1509.1629355985294,"Tiezzi, Mauro",Malonno,Lombardy,Italy,Sfida degli Zucconi della Brianza,2145  McMullen,1521 Cutrupi,399.42603907221167,1519.8485753478656,5.081415110942556,Blue Hubbard,1,684.5442342840081,heavy
10453,2020-P,1197,246.19567720383463,"Fellner, Johanna",Berndorf,Lower Austria,Austria,Leiserberge Weigh-off,,,0.0,0.0,0.0,Champion,1,111.67238961424175,light
10460,2020-P,1222,208.03228425431536,"Mereo, Egidio",Casatenovo,Lombardy,Italy,Sfida degli Zucconi della Brianza,,,208.652030347719,222.50895434221556,0.0,Big Max,1,94.36177987948341,light
10461,2018-P,1185,446.1977275609637,"Guttmann, Johanna",Baerndorf,Lower Austria,Austria,Austrian Weigh-off,1784 Stels 17,2269 Paton,270.0966236994305,421.6822859037569,1.0122837712309576,Champion,1,202.39171963983264,light
10464,2015-P,1548,245.62459225055835,"Comanducci, .",,Other,Italy,Festa della zucca di sale,,,210.10250041558007,220.19719376174044,10.813543250626552,Spirit,1,111.41335004811526,light
10518,2020-P,392,1132.4301078984856,"Ferraris, Giustino",,Lombardy,Italy,Sfida degli Zucconi della Brianza,"1997,4 BOONEN HERMAN",self,375.92953630908295,1197.939815006462,0.0,Prizewinner,1,513.6612375018899,heavy
10530,2013-P,1497,76.39620208287182,"Puchner, Thomas",,Other,Austria,Austrian Weigh-off,,,0.0,0.0,0.0,Atlantic Giant,1,34.652706095174,light
10531,2019-P,1650,81.19775837161504,"Marco, Rosati",Peccioli,Tuscany,Italy,Pesa la Zucca! Foiano,,,138.4423631487251,70.14818215978241,20.18118083087129,Howden,1,36.83065361529761,light
10567,2014-P,489,949.0675490307724,"Melka, Friedrich",,Other,Austria,Austrian Weigh-off,1678 Delaney,,341.2623220283218,1089.8046771609977,0.0,Blue Hubbard,1,430.4894476999661,medium
10582,2021-P,1094,305.267723312085,"Team, Jugendzentrum Berndorf",Leitzersdorf,Lower Austria,Austria,Leiserberge Weigh-off,1536.6 Boonen,self,247.1527057446912,325.30184639237604,0.0,Wolf,1,138.46699715257526,light
10653,2020-P,1182,232.09583710256,"Lacina, Martin",Syring,Lower Austria,Austria,Retzer Land Weigh-off,Jaglarz,,205.29724663806056,233.20399882730896,3.903184738778101,Connecticut Field,1,105.2768149430244,light
10661,2016-P,DMG,245.2035857070272,"Seri, Remo",Semproniano,Tuscany,Italy,Campionato dello Zuccone,,,225.2743680542065,257.6071427235228,1.0029974344160275,Howden,1,111.22238484802187,light
10666,2013-P,1309,214.97638062583803,"Maffessoli, Valter",Siena,Other,Italy,Pesa la Zucca! Foiano,,,195.0320306170952,197.7305186113677,7.57961667732756,Champion,1,97.51156644083513,light
10705,2020-P,1229,220.07353958185556,"Giuseppina, Monceri",Cologne,Lombardy,Italy,Sfida Nazionale della Zucca - Club Maspiano,1137 Salvagni 2019,Open,0.0,0.0,0.0,Prizewinner,1,99.82359696601303,light
10775,2014-P,440,1096.0140909269212,"Prandi, Giuseppe",Grosseto,Other,Italy,Festa della zucca di sale,1022 agnelli,open,372.9428982734908,1017.556419653262,0.0,Prizewinner,1,497.14322353172406,heavy
10790,2020-P,850,606.9320371428322,"Puchner, Thomas",Buers,Vorarlberg,Austria,Austrian Weigh-off,,self,296.00660443202173,653.436529161933,2.034593985428073,Early Giant,1,275.29951659169154,medium
10791,2018-P,EXH,481.09123821120994,"Melka, Friedrich",Doerfles,Lower Austria,Austria,Austrian Weigh-off,2004 Vanderwielen 16,1871 Cutrupi 17,290.21644589937216,596.4544107952679,0.0,Atlantic Giant,1,218.21913692269914,light
10832,2019-P,700,803.6388307665114,"Moretti, Sergio",Foiano della Chiana,Tuscany,Italy,Campionato dello Zuccone,2012 Salvagni,Self,321.1355666462698,847.7717239346515,0.0,Autumn Gold,1,364.5241445250434,medium
10838,2014-P,933,649.2086604703914,"Hoefler, Norbert",Bad Voeslau,Lower Austria,Austria,Austrian Weigh-off,2032 Mathison,open,326.6932840958189,748.8567996206116,0.0,Prizewinner,1,294.47585472008575,medium
10858,2014-P,EXH,54.47765737553872,"Eichinger, Thomas",,Other,Austria,Austrian Weigh-off,,,0.0,,0.0,Rouge Vif d’Etampes,1,24.71062956428536,light
10859,2018-P,EXH,688.446747020337,"Romoli, Syria",Castelfiorentino,Tuscany,Italy,Campionato dello Zuccone,,,303.5325572364056,669.5468219235273,0.0,Casper,1,312.27393687444874,medium
10886,2018-P,1000,627.9285144534992,"Spreafico, Luca",Monteisola,Lombardy,Italy,Festa della zucca di sale,2009 wallace cross,1945 stelt,300.28282438845935,625.8738266195141,6.263991140076,Jack O'Lantern,1,284.8233507279916,medium
10902,2018-P,96,1590.5514128541186,"Zanotti, Walter",Semproniano,Tuscany,Italy,Sfida degli Zucconi della Brianza,1871 Cutrupi,Self,447.5851313818957,1625.7879199590025,0.0,Rouge Vif d’Etampes,1,721.4613964593253,heavy
10933,2016-P,931,688.5166385362857,"Vendepane, Giulio",,Lombardy,Italy,Festa della zucca di sale,,,314.2136135994554,704.1578454247256,4.100559126121848,Howden,1,312.3056391069509,medium
10957,2017-P,DMG,316.9790960992016,"Spreafico, Luca",Pontedera,Tuscany,Italy,Campionato dello Zuccone,1521 Cutrupi,Open,241.11392469693268,320.37244359291645,0.0,Big Moose,1,143.77918215782907,light
10969,2019-P,1473,214.13365817216547,"Marcelli, Edoardo e Gianluca",Garlate,Lombardy,Italy,Sfida degli Zucconi della Brianza,1078 Larsen,Self,212.6981071576393,225.14375175580912,0.9844820664569855,Atlantic Giant,1,97.12931427762888,light
10980,2021-P,262,1353.1644772980303,"Wischer, Andreas",Bad Voeslau,Lower Austria,Austria,Leiserberge Weigh-off,1911 Urena,,391.1975105123826,1324.8542788588093,2.0095961693695306,Jack O'Lantern,1,613.7845815865682,heavy
10987,2020-P,772,690.8438838298869,"Eichinger, Thomas",Gross Gerungs,Lower Austria,Austria,Austrian Weigh-off,Melka,487.2 Jaglarz,308.0888534329566,722.6926510537762,0.0,Big Moose,1,313.36125895416603,medium
10999,2020-P,603,887.1645809688483,"Melka, Friedrich",,Lower Austria,Austria,Austrian Weigh-off,1566 Zolotucha 19,,353.0127094804289,927.5736435465436,0.0,Early Giant,1,402.41075661082186,medium
11001,2017-P,EXH,599.4111192185388,"Langenlois, Gartenbauschule",St. Margarethen,Carinthia,Austria,Austrian Weigh-off,Werner,,301.2364800047329,781.7222360287783,0.0,Early Giant,1,271.88808838857545,medium
11017,2015-P,1125,569.907965899333,"Bartoli, Fabio e Gabriele",,Other,Italy,Pesa la Zucca! Foiano,,,300.25283951984954,648.6963141912819,0.0,Big Moose,1,258.5056940682103,medium
11019,2021-P,69,1872.1666493084929,"Roghi, Alberto",Sulzano,Lombardy,Italy,Sfida Nazionale della Zucca - Club Maspiano,2469 DALETAS,2469 DALETAS,440.2108254010498,,2.03269810804852,Prizewinner,1,849.1998147931379,heavy
11026,2014-P,1486,266.4583778508017,"Boschi, Valerio",,Other,Italy,Campionato dello Zuccone,952 Bartoli,Open,239.6743308374629,281.3439975228562,0.0,Cinderella,1,120.86338852610085,light
11032,2016-P,1455,255.80357968449252,"Turmolli, Andrea, Anna and Pato",Goito,Lombardy,Italy,Festa della zucca di sale,,,222.2705473095983,223.2504784517077,9.935176982948793,Spirit,1,116.03045731624833,light
11036,2013-P,1390,174.8320069020388,"Bartoli, Ivan&William",Reggio Emilia,Other,Italy,Pesa la Zucca! Foiano,,,193.5486443019402,164.32953032029408,1.0488736638635228,Wolf,1,79.30239967470959,light
11049,2013-P,921,509.0123122428091,"Mathias, Franz",,Other,Austria,Austrian Weigh-off,,,,0.0,0.0,Howden,1,230.88391273484027,medium
11057,2021-P,1180,222.7123784456311,"Melka, Friedrich",Riederberg,Lower Austria,Austria,Retzer Land Weigh-off,,,217.28492413599795,218.5284042522087,0.999409175790631,Big Moose,1,101.02055316391069,light
11086,2017-P,1174,456.55212532405216,"Vendepane, Giulio",Capriolo,Lombardy,Italy,Festa della zucca di sale,Cabanon,Cabanon,298.8372505323455,564.5092140206673,0.0,Blue Hubbard,1,207.08839162998746,light
11096,2018-P,551,1006.9710633138362,"Zucchelli, Michael",Casatenovo,Lombardy,Italy,Sfida degli Zucconi della Brianza,2269 Paton,1749 Daletas,347.2276093513796,998.4547882177274,4.901224592132028,Dill's Atlantic,1,456.7540185506496,heavy
11098,2016-P,1448,227.80051252794092,"Asta, Carmelo",Castelfiorentino,Tuscany,Italy,Pesa la Zucca! Foiano,,,218.6547687513787,250.7890619157536,0.0,Spirit,1,103.32849007857378,light
11108,2013-P,1110,352.01841287369655,"Markl, Michael",St. Oswald,Other,Austria,Austrian Weigh-off,,,0.0,0.0,0.0,Early Giant,1,159.67273593220577,light
11122,2015-P,473,1072.4584238142688,"Cutrupi, Stefano",Malonno,Lombardy,Italy,Festa della zucca di sale,,,348.1473472899508,961.4536181926768,10.59325429411748,Autumn Gold,1,486.4585613747618,heavy
11130,2015-P,689,931.5318688904172,"Boselli, Ermerino",Garlate,Lombardy,Italy,Pesa la Zucca! Foiano,,,339.2333381647607,931.8355251989708,0.0,Big Max,1,422.5354034737421,medium
11159,2015-P,1624,183.8252320925737,"Melka, Friedrich",,Other,Austria,Austrian Weigh-off,1266 Jany,,,0.0,0.0,Connecticut Field,1,83.3816546753347,light
11178,2015-P,473,1156.380646182471,"Salvagni, Augusto",Cologne,Lombardy,Italy,Festa della zucca di sale,,,382.99315400527706,909.1637133422012,11.004523575501052,Spirit,1,524.5250100631994,heavy
11185,2021-P,EXH,359.6187434930357,"Rodler, Rita",Waidhofen/Thaya,Lower Austria,Austria,Austrian Weigh-off,1213.6 Wild,,267.728434443752,454.3281817565058,0.0,Casper,1,163.12018509849304,light
11219,2020-P,308,1225.1720130084086,"Jaglarz, Mario",Neustift,Styria,Austria,Leiserberge Weigh-off,1594 Johnston-Butler,2138 Biermans,392.82893414012807,1190.1710006377486,0.0,Jack O'Lantern,1,555.72822372451,heavy
11223,2013-P,394,964.3788811613024,"Grabmayer, Manfred",Tulln,Lower Austria,Austria,Austrian Weigh-off,934 Schieder 11,1325 Sperry 11,354.28173028735654,964.5289111918472,2.0374383428288265,Jack O'Lantern,1,437.4345454637175,medium
11234,2018-P,EXH,402.3267000397866,"Cupertori,",,Veneto,Italy,Festa della zucca di sale,,,257.90585034399265,440.24272893077045,0.0,Cinderella,1,182.4921725244469,light
11257,2018-P,584,1070.308417127729,"Aininger, Gerald",,Lower Austria,Austria,Europameisterschaft im Kurbiswiegen,1844 Holub,1807 Holub,378.3678168709135,1146.8964214103733,0.0,Wolf,1,485.48333554180084,heavy
11265,2015-P,1173,544.5495044810488,"Schoffnegger, Armin",,Lower Austria,Austria,Austrian Weigh-off,"1395,5 Lueders 14",self,311.44045941606424,667.788590936697,0.0,Casper,1,247.00329883656786,medium
11266,2013-P,EXH,204.0581344203564,"Langenlois, Gartenbauschule",,Other,Austria,Austrian Weigh-off,,,0.0,0.0,0.0,Rouge Vif d’Etampes,1,92.5591373079983,light
11276,2019-P,817,662.5210452586238,"Joebstl, Horst",Gross Gerungs,Lower Austria,Austria,Gartenbauschule Langenlois,JZB 17,,,716.4426269162919,0.0,Early Giant,1,300.51424596094967,medium
11290,2014-P,786,730.3649008121655,"Colombo, Giacomo",Dogliani,Other,Italy,Festa della zucca di sale,,,315.8159272975232,681.3772085812462,12.188547960091489,Early Giant,1,331.2876760891918,medium
11310,2016-P,1601,93.5835767721748,"Hoefler, Norbert",Baerndorf,Lower Austria,Austria,Austrian Weigh-off,,,,0.0,0.0,Big Max,1,42.448761755244306,light
11314,2019-P,1627,92.39337043022616,"Turla, Antonio",Foiano della Chiana,Tuscany,Italy,Pesa la Zucca! Foiano,,,155.74948262402123,81.34408780032095,10.413898787307929,Jack O'Lantern,1,41.90889368018714,light
11324,2017-P,1451,211.74535804112543,"Petrelli, Francesco",Lesmo,Lombardy,Italy,Sfida degli Zucconi della Brianza,unknow,unknow,215.81200911286987,182.10779119786568,5.956989393291146,Dill's Atlantic,1,96.04600044459016,light
11354,2016-P,160,1401.2609739814204,"Petricci, Ass. Campanile Petricci",Novellara,Emilia-Romagna,Italy,Festa della zucca di sale,"986,6 bartoli",2015 sibb,395.28485019493127,1236.8720681336897,8.099711206761325,Howden,1,635.6007677101804,heavy
11374,2019-P,1018,525.2820150991512,"Team, Die Garten Tulln",,Lower Austria,Austria,Austrian Weigh-off,Matthias 18,,281.8699459369405,,0.0,Cinderella,1,238.26371979285418,medium
11387,2017-P,714,796.439421995525,"Boeck, Alexander",Riederberg,Lower Austria,Austria,Austrian Weigh-off,Mathias 16,,345.7286768732663,944.2128269452288,0.0,Connecticut Field,1,361.2585503017942,medium
11396,2014-P,1486,276.4477415457501,Team Maggioni,Buja,Other,Italy,Pesa la Zucca! Foiano,,,230.05856005748544,254.4207178268104,2.960821549757265,Connecticut Field,1,125.39448398321987,light
11401,2018-P,EXH,697.6706407967728,"Colzani, Enrico",Foiano della chiana,Tuscany,Italy,Campionato dello Zuccone,1333 Garofano,Self,298.38642396996784,627.281609496317,10.937786739833909,Casper,1,316.45782130028977,medium
11410,2015-P,785,828.416199693283,"Boschi, Valerio",,Other,Italy,Festa della zucca di sale,,,311.8514839236223,723.3918026092126,16.412079877881364,Spirit,1,375.76296085127564,medium
11412,2014-P,1439,334.1438370814422,"Markl, Michael",Eitweg,Carinthia,Austria,Austrian Weigh-off,,,0.0,0.0,0.0,Wolf,1,151.56497134944553,light
11416,2018-P,EXH,612.9281587753837,"., Fratelli Mori",Lamporecchio,Tuscany,Italy,Pesa la Zucca! Foiano,,,299.77564770264166,705.1534811265743,0.0,Big Moose,1,278.01930939524385,medium
11421,2021-P,494,970.0711796240508,"Salvagni, Augusto",Rimini,Emilia-Romagna,Italy,Campionato dello Zuccone,,,347.92747127502173,792.4267987655467,12.776030440960607,Jack O'Lantern,1,440.0165265080325,medium
11439,2016-P,384,1155.1812707964818,"Stefano, Musso",Casatenovo,Lombardy,Italy,Festa della zucca di sale,412 bella,581bill mcclintock,360.5809919122742,1086.114854976378,3.9967470420318034,Atlantic Giant,1,523.9809829831178,heavy
11482,2013-P,1328,219.4796642993277,"Cutrupi, Stefano",Casatenovo,Other,Italy,Festa della zucca di sale,,,195.7412377963805,196.94245670176048,4.872126104514523,Atlantic Giant,1,99.55421988886066,light
11504,2017-P,514,985.7110507159256,"Team, Bauhof Tulln",Riederberg,Lower Austria,Austria,Austrian Weigh-off,Gehweiler 16,Cutrupi 16,390.5888448278192,1222.4152864089494,0.0,Early Giant,1,447.1106469163381,medium
11532,2018-P,1221,420.9524260144066,"Rainer, Michael",Wien,Vienna,Austria,Tharinger Meisterschaft,1100 Kristensen,1916 Barron,264.13455494582774,426.9080181422243,0.0,Big Max,1,190.94065282072674,light
11589,2016-P,DMG,882.8615740221737,"Hoefler, Norbert",,Vienna,Austria,Austrian Weigh-off,,,340.2240766639984,842.8847134546102,0.0,Blue Hubbard,1,400.45894708386584,medium
11611,2021-P,1224,183.15924916449552,"Teichmann, Erik",,Lower Austria,Austria,Austrian Weigh-off,,,219.7387780984944,220.35473036306863,0.0,Cinderella,1,83.07957014702185,light
11615,2019-P,1405,263.2971983383539,"Fellner, Johanna",,Lower Austria,Austria,Gartenbauschule Langenlois,,,232.77299046997533,274.5899784594521,0.0,Autumn Gold,1,119.42950278869061,light
11640,2018-P,659,835.3885527480005,"Mathias, Franz",,Vorarlberg,Austria,Austrian Weigh-off,Ruhdorfer,,336.71681257467645,881.7628033834978,0.0,Rouge Vif d’Etampes,1,378.925564418071,medium
11646,2013-P,DMG,306.20342518798896,"Zucchelli, Michael",Reggio Emilia,Other,Italy,Pesa la Zucca! Foiano,,,225.45785067317215,310.2130089757233,0.0,Connecticut Field,1,138.89142403787028,light
11655,2017-P,1051,526.083003270396,"Ricci, Giulio",Garlate,Lombardy,Italy,Festa della zucca di sale,unknow,unknow,283.86800341463123,556.8513893971185,1.0064832204150176,Early Giant,1,238.62704161942548,medium
11682,2018-P,691,905.2346845183116,"Kurzreiter, Lukas",Riederberg,Lower Austria,Austria,Europameisterschaft im Kurbiswiegen,2269 Paton,,349.7160057200905,959.8816994429742,0.0,Blue Hubbard,1,410.60721102003,medium
11684,2016-P,948,654.973516315231,"Filippi, Giada",Ribolla,Tuscany,Italy,Pesa la Zucca! Foiano,,,294.54374825616577,604.1823508562062,6.770371469239967,Prizewinner,1,297.09074721245827,medium
11760,2021-P,493,969.8750413892742,"Grabmayer, Manfred",Leitzersdorf,Lower Austria,Austria,Austrian Weigh-off,1766.5 Kline,1395.5 Weisshaeupl 18,344.7174433463651,989.3578580066362,0.0,Howden,1,439.92755977384365,medium
11785,2021-P,262,1325.8932201296109,"Zeller, Christoph",,Lower Austria,Austria,Leiserberge Weigh-off,1911 Urena,,380.7534643774525,1296.1343984696746,1.956961792339059,Howden,1,601.4145575050304,heavy
11790,2021-P,1014,383.0709948124811,"Kurzreiter, Lukas",Langenlois,Lower Austria,Austria,Austrian Weigh-off,888.5 Markl,self,260.8041641697747,440.57308414448295,0.0,Big Max,1,173.75793867898292,light
11839,2016-P,DMG,1230.8308621941685,"Bartoli, Fabio e Gabriele",Radda in Chianti,Tuscany,Italy,Pesa la Zucca! Foiano,,,420.6909349032727,1347.264926473861,0.0,Early Giant,1,558.2950324443773,heavy
11855,2021-P,493,1031.6333881309372,"Schoffnegger, Guenther",Waidhofen/Thaya,Lower Austria,Austria,Austrian Weigh-off,1766.5 Kline,1395.5 Weisshaeupl 18,343.2272292725907,1036.8295101280337,0.0,Connecticut Field,1,467.94065178908807,heavy
11860,2016-P,1344,324.0907173819896,"Moretti, Sergio",Viarigi,Piedmont,Italy,Festa della zucca di sale,,,257.1416389523266,355.72642336015906,0.0,Howden,1,147.00495667873142,light
11867,2013-P,960,494.4656187149881,"Langenlois, Gartenbauschule",,Other,Austria,Austrian Weigh-off,,,0.0,0.0,0.0,Rouge Vif d’Etampes,1,224.2856489241689,light
11932,2018-P,947,643.3009469052384,"Eichinger, Thomas",Berndorf,Lower Austria,Austria,Austrian Weigh-off,,2090.5 Stelts,336.12039314777286,745.9362206029266,0.0,Prizewinner,1,291.79616310864094,medium
11960,2018-P,928,694.1348119783888,"Topini, Cinzia",Malonno,Lombardy,Italy,Sfida degli Zucconi della Brianza,,self,303.8032750689976,637.7491918407509,4.118960142513582,Blue Hubbard,1,314.85399763490136,medium
11995,2014-P,910,676.1356415416714,"Schodl, Josef",St. Michael,Carinthia,Austria,Austrian Weigh-off,,,310.72161168513384,736.0238037973637,0.0,Big Moose,1,306.6897179181698,medium
12008,2017-P,1483,151.9575178172818,"Mereo, Egidio",Godiasco,Lombardy,Italy,Festa della zucca di sale,unknow,unknow,173.95181772357662,140.04188162514654,11.658276246386354,Blue Hubbard,1,68.92671442177648,light
12040,2021-P,EXH,629.3813548419047,"Dorner, Martin",Wien,Lower Austria,Austria,Europameisterschaft im Kurbiswiegen,2139 Skonager 2020,2139 Skonager 2020,310.50018466335,730.9634605008023,,Big Moose,1,285.48234750544924,medium
12048,2015-P,590,1095.68422061667,"Mori, Flli.",,Other,Italy,Festa della zucca di sale,,,365.8001355060208,962.759406257264,2.0169304269178485,Casper,1,496.99359699795656,heavy
12052,2015-P,1481,309.3544769272307,"Aininger, Gerald",,Other,Austria,Austrian Weigh-off,,,0.0,0.0,,Jack O'Lantern,1,140.32071589837642,light
12060,2016-P,1502,209.1004797409977,"Acquisto, Oriana",Castelfiorentino,Tuscany,Italy,Pesa la Zucca! Foiano,,,228.830072357339,251.78659955432389,0.0,Autumn Gold,1,94.84630480667863,light
12089,2013-P,145,1318.288725509508,"Nittnaus, Wolfgang",,Lower Austria,Austria,Austrian Weigh-off,934 Schieder 11,1140 Finders 11,395.5493986549004,1150.724746336136,9.973454958183115,Spirit,1,597.9652195813087,heavy
12092,2018-P,EXH,634.7765672288281,"Boschi, Valerio",Castelfiorentio,Tuscany,Italy,Pesa la Zucca! Foiano,,,303.94659588114763,692.7189141487752,0.0,Dill's Atlantic,1,287.92957268245857,medium
12108,2014-P,EXH,580.9492994677823,"Kaar, Gottfried",Tulln,Lower Austria,Austria,Austrian Weigh-off,1874.5 Mathison,,,611.1477697743735,0.0,Wolf,1,263.51395464419033,medium
12113,2018-P,1419,315.6558297007659,"Schoffnegger, Armin",Pruggern,Styria,Austria,Austrian Weigh-off,,,0.0,0.0,0.0,Champion,1,143.1789591056298,light
12122,2016-P,649,979.1974924368038,"Sant'Antonio, Istituto",Caiazzo,Campania,Italy,Campionato dello Zuccone,1985 Miller,self,323.3900937519188,895.6642842165317,13.903759366134178,Big Max,1,444.1561489893947,medium
12134,2017-P,1113,502.2097691078115,"Tosoni, Matteo",Goito,Lombardy,Italy,Festa della zucca di sale,Vnderwiellen 2004,unknow,291.1508161457042,627.13496655312,0.0,Cinderella,1,227.79833358915042,medium
12141,2013-P,1279,245.9070911936701,"Briini, BrunoTizianoGino",,Other,Italy,Festa della zucca di sale,,,227.11979463398475,248.8784448153773,3.039871599220244,Big Max,1,111.5414893087192,light
12159,2014-P,1674,101.72897561342634,"Felappi, Lorenzo",,Other,Italy,Pesa la Zucca! Foiano,,,180.64164149499788,134.54728567475578,0.0,Jack O'Lantern,1,46.14344950644528,light
12176,2016-P,DMG,659.881995683809,"Cutrupi, Stefano",Castelvecchio,Lazio,Italy,Campionato dello Zuccone,,,,659.5826335164888,0.0,Casper,1,299.3171941862103,medium
12224,2021-P,EXH,832.8627009264355,"Raduazzo, Leonardo",Radda in Chianti,Tuscany,Italy,Campionato dello Zuccone,2350 Gienger,2552 Mendi,342.14521628777567,973.1412864410048,0.0,Big Moose,1,377.7798582386237,medium
12236,2018-P,520,1125.5341288067293,"Berndorf, JZB",,Styria,Austria,Austrian Weigh-off,2048 Willemijns,918 Schieder,366.6591991106376,1055.4204472345675,0.0,Wolf,1,510.53327655370197,heavy
12238,2020-P,1077,346.9637553913261,"Woeber, Franz",Riederberg,Lower Austria,Austria,Leiserberge Weigh-off,,,0.0,0.0,0.0,Big Moose,1,157.3799837354624,light
12257,2021-P,154,1550.0506574781523,"Petricci, Ass. Campanile Petricci",Malonno,Lombardy,Italy,Sfida degli Zucconi della Brianza,,2158 Paton,398.4252171945926,1443.6114303610748,5.757301687505585,Big Moose,1,703.0905778268301,heavy
12266,2013-P,1519,56.85312986595189,"Paleari, Maurizio",Pontedera,Other,Italy,Campionato dello Zuccone,,,,0.0,0.0,Early Giant,1,25.78812488215685,light
12272,2020-P,619,912.9201856765576,"Rosati, Loris",Pontedera,Tuscany,Italy,Pesa la Zucca! Foiano,,,340.1023840537204,847.433252855368,6.817773799484055,Casper,1,414.0932928614011,medium
12280,2019-P,1000,503.0091797270836,"Schoeffnegger, Armin",Ernstbrunn,Lower Austria,Austria,Austrian Weigh-off,Grabmayer,,297.57263201951315,,0.0,Rouge Vif d’Etampes,1,228.1609398507673,medium
12282,2018-P,998,602.1704419739466,"Team, Bauhof Tulln",,Lower Austria,Austria,Austrian Weigh-off,,,0.0,,0.0,Wolf,1,273.1396951158464,medium
12297,2014-P,1702,80.83010181716536,"Woeber, Franz",Ulrichsberg,Other,Austria,Austrian Weigh-off,,,0.0,0.0,0.0,Spirit,1,36.663887543451665,light
12324,2013-P,1483,100.99189910924196,"Alfani, Fabio",Arezzo,Other,Italy,Pesa la Zucca! Foiano,,,161.6954387264654,97.23081255909932,0.0,Howden,1,45.80911750075928,light
12340,2017-P,320,1153.1347089492842,"Chiti, Davide",Sale Marasino,Lombardy,Italy,Festa della zucca di sale,Garofano 1333,Vandervielen 2004,361.7215459273666,1200.151064112175,0.0,Atlantic Giant,1,523.0526789017238,heavy
12373,2020-P,1190,255.08554794948856,"Steindl, Josef",Au,Lower Austria,Austria,Retzer Land Weigh-off,669 Jaglarz,,232.77872344864036,280.0689786830192,0.0,Spirit,1,115.70476386550442,light
12375,2017-P,610,980.0088653065328,"Sailer, Ernst",Phyra,Upper Austria,Austria,Austrian Weigh-off,420 Blaimschein,,367.1871148509621,842.983884425447,8.153108339802323,Wolf,1,444.52418123212084,medium
12401,2021-P,389,1082.8076452339144,"Bartoli, Ivan",Capriolo,Lombardy,Italy,Sfida Nazionale della Zucca - Club Maspiano,1025 MUSCAS,2183 MENDI,357.87449601742725,1153.6195300666252,0.0,Howden,1,491.1528854169417,heavy
12417,2020-P,198,1208.5430722510605,"Boioni, Emidio",Cassago Brianza,Lombardy,Italy,Sfida Nazionale della Zucca - Club Maspiano,1810 Werner 2016,Self,385.22899267803575,1311.717606832214,0.0,Autumn Gold,1,548.185469228503,heavy
12435,2018-P,757,791.026656548383,"Zimmermann, Adolf",Baerndorf,Lower Austria,Austria,Austrian Weigh-off,JZB 17,,330.4476762795459,829.2280194291855,0.0,Champion,1,358.80336319709414,medium
12438,2017-P,1051,481.0043307138567,"Filippi, Giada",Casatenovo,Lombardy,Italy,Festa della zucca di sale,unknow,,288.0759016246174,453.0879567089517,1.0144268519359565,Big Max,1,218.17971637715968,light
12448,2017-P,EXH,936.3496407493194,"Langenlois, Gartenbauschule",Retz,Lower Austria,Austria,Austrian Weigh-off,1726 Cutrupi 14,2095 Willemijns 16,356.2551072384768,971.941021036624,0.0,Autumn Gold,1,424.7207062467653,medium
12453,2020-P,1190,241.5279829085796,"Nittnaus, Wolfgang",,Lower Austria,Austria,Retzer Land Weigh-off,669 Jaglarz,,227.3776685009172,267.6580479247046,0.0,Autumn Gold,1,109.55516082346843,light
12495,2019-P,1542,168.37399295254735,"Petrelli, Team",Calcio,Lombardy,Italy,Sfida degli Zucconi della Brianza,"1485,9 Petrelli",Self,190.63668349554143,155.08222426089026,2.9177665818600835,Rouge Vif d’Etampes,1,76.37309621133186,light
12504,2013-P,EXH,186.48055271998865,"Mereo, Egidio",Arezzo,Other,Italy,Campionato dello Zuccone,899 Cutrupi,Open,0.0,0.0,,Dill's Atlantic,1,84.58608686936509,light
12514,2015-P,1245,496.5903147451195,"Bella, Flavio",Calcio,Lombardy,Italy,Festa della zucca di sale,,,258.64497803530395,415.0981412210465,27.44775880422073,Atlantic Giant,1,225.24939404586823,light
12525,2020-P,1285,147.88751188527763,"Polverini, Giuseppe",Malonno,Lombardy,Italy,Sfida degli Zucconi della Brianza,,,199.2717294088428,168.91740429256444,0.0,Rouge Vif d’Etampes,1,67.08059229106685,light
12552,2013-P,991,435.5048244158933,"Moullin, Paul",,Other,Austria,Austrian Weigh-off,,,0.0,0.0,0.0,Prizewinner,1,197.54150431645388,light
12571,2016-P,808,818.8913721975046,"Melka, Friedrich",St. Oswald,Styria,Austria,Austrian Weigh-off,1916 Carter,Lueders,354.6815743404705,993.358002395337,,Cinderella,1,371.4425752978105,medium
12573,2021-P,487,938.747258584457,"Gruber, Matthias",Lachsfeld,Lower Austria,Austria,Europameisterschaft im Kurbiswiegen,1911 Urena 2017,2226.7 Boonen 2018,327.0420667740339,1010.924647234933,1.9190012541061112,Jack O'Lantern,1,425.808246515841,medium
12611,2013-P,1495,84.42813403405108,"Cassella, Salvatore",,Other,Italy,Pesa la Zucca! Foiano,,,165.78316192010402,103.1682340025565,0.0,Cinderella,1,38.2959261727733,light
12674,2017-P,678,826.318227095109,"Cutrupi, Stefano",Sulzano,Lombardy,Italy,Festa della zucca di sale,1278.6 cutrupi,x self,355.7435963007175,1014.1191192463222,0.0,Cinderella,1,374.8113372645247,medium
12688,2017-P,316,1235.378184693676,"Cutrupi, Stefano",Sale Marasino,Lombardy,Italy,Festa della zucca di sale,1623 Wallace,1916 Barron,379.2784671080641,1377.0605163036512,0.0,Prizewinner,1,560.3576615515739,heavy
12757,2017-P,399,1073.8037279582582,"Berlinghieri, Martina",Umbertide,Umbria,Italy,Pesa la Zucca! Foiano,,,346.4620239073856,1216.491743501206,0.0,Casper,1,487.0687805720422,heavy
12798,2019-P,572,1001.9927965580886,"Boeck, Alexander",,Upper Austria,Austria,Austrian Weigh-off,1861.8 Cutrupi,,385.89084024838064,1106.159505526731,0.0,Cinderella,1,454.4959165763765,heavy
12806,2016-P,1648,34.70011627562824,"Schoetzer, Alexander",Waidhofen/Thaya,Lower Austria,Austria,Austrian Weigh-off,,,0.0,0.0,0.0,Prizewinner,1,15.739695141694764,light
12832,2014-P,452,1071.3127482952,"Lizzi, Denis",,Other,Italy,Campionato dello Zuccone,1490 Cutrupi,Open,369.9340044889371,1028.8390803998734,3.936350266702906,Prizewinner,1,485.93889212471635,heavy
12842,2013-P,892,519.0616167675533,"Sartini, Valerio",,Other,Italy,Campionato dello Zuccone,899 Cutrupi,Open,280.96934802612844,578.830940796971,0.0,Champion,1,235.44219687282805,medium
12843,2013-P,1325,224.3801979013491,"Caravaggi, Valerio",,Other,Italy,Festa della zucca di sale,,,227.5189222106295,208.0170067953872,3.931159935284039,Prizewinner,1,101.77706272646874,light
12855,2021-P,700,785.3296775494616,"Hoefler, Norbert",Regau,Vienna,Austria,Tharinger Meisterschaft,2139 Skonager,2139 Skonager,347.8710211350563,,0.0,Connecticut Field,1,356.2192590990154,medium
12866,2019-P,1567,140.38673648834535,"Cutrupi, Stefano",Novellara,Emilia-Romagna,Italy,Campionato dello Zuccone,165 Wild,Open,0.0,0.0,0.0,Blue Hubbard,1,63.67830057722154,light
12868,2015-P,1677,155.29263892629865,"Markl, Michael",Tulln,Lower Austria,Austria,Austrian Weigh-off,,,0.0,0.0,,Howden,1,70.43949867585766,light
12891,2014-P,259,1381.130157193341,"Gervasoni, Andrea",,Other,Italy,Campionato dello Zuccone,1382 Cutrupi,600 Lizzi,387.4370516036349,1204.223563262888,9.277583438166744,Casper,1,626.4695902616419,heavy
12916,2019-P,598,984.3912260330808,"Kurzreiter, Lukas",Haag am Hausruck,Upper Austria,Austria,Austrian Weigh-off,460 Kloch,2012 Salvagni,363.68721380880027,1025.4699505781798,0.0,Dill's Atlantic,1,446.5119849987972,medium
12919,2015-P,689,847.1584910745194,"Gervasoni, Andrea",,Lombardy,Italy,Pesa la Zucca! Foiano,,,333.1993204368372,,0.0,Early Giant,1,384.26431428347337,medium
12921,2021-P,907,483.4588460430568,Team Toellergasse,Tulln,Lower Austria,Austria,Austrian Weigh-off,1230.2 Schieder 20,494.9 Grabmayer 20,283.624194835718,563.6072886159071,0.0,Big Max,1,219.2930648943622,light
12949,2021-P,389,1052.2145568409444,"Asta, Carmelo",Malonno,Lombardy,Italy,Sfida Nazionale della Zucca - Club Maspiano,1025 MUSCAS,2183 MENDI,347.6755752082839,1035.2603048420442,0.0,Champion,1,477.27610526659765,heavy
12954,2017-P,352,1281.3640112138803,"Gervason, Andrea",Novellara,Emilia-Romagna,Italy,Campionato dello Zuccone,2066 Geddes,1086 Shenoha,388.2562074525623,,0.0,Big Max,1,581.2164645745264,heavy
12972,2019-P,1650,83.35441415271703,"Cutrupi, Stefano",Castelfiorentio,Tuscany,Italy,Pesa la Zucca! Foiano,,,146.4165989100092,61.427617768160914,19.722563643595134,Connecticut Field,1,37.80889542435922,light
12979,2021-P,402,1093.7106943026745,"Dorner, Martin",Gols,Burgenland,Austria,Austrian Weigh-off,1230 Schieder 20,,359.552681070732,1178.816250851194,0.0,Rouge Vif d’Etampes,1,496.0984212501387,heavy
13008,2016-P,725,916.7515987636853,"Team, Bauhof Tulln",Riederberg,Vienna,Austria,Austrian Weigh-off,1872.5 Willemiijns 15,open,360.7429463114724,979.6217594964356,0.0,Jack O'Lantern,1,415.8311911864175,medium
13025,2020-P,1220,224.95100000496177,"Loda, Flavio",Calcio,Lombardy,Italy,Sfida degli Zucconi della Brianza,"1997,4 BOONEN HERMAN",self,203.65395702172825,220.68036325031136,2.035902580597845,Wolf,1,102.03597399425063,light
13031,2020-P,817,632.7808219158038,"Gabriele, Arrigucci",Umbertide,Umbria,Italy,Pesa la Zucca! Foiano,,,305.9749742832304,605.1822441858833,0.985877060685272,Big Moose,1,287.02431857443327,medium
13064,2018-P,524,1158.3277856202724,"Bertolaso, Jacopo",Casatenovo,Lombardy,Italy,Sfida degli Zucconi della Brianza,,Self,373.5091829586999,1004.6829031834402,4.94519265351353,Autumn Gold,1,525.4082169350705,heavy
13066,2020-P,EXH,211.1519237888301,"Felappi, Lorenzo",Castelfiorentino,Tuscany,Italy,Pesa la Zucca! Foiano,,,,186.87145213585777,11.07946415370376,Blue Hubbard,1,95.77682341522302,light
13084,2015-P,1703,130.92762981482605,"Daniel, Wonovsky",,Other,Austria,Austrian Weigh-off,,,0.0,0.0,0.0,Blue Hubbard,1,59.38772546296658,light
13085,2019-P,EXH,139.5736361600527,"Dorner, Martin",Bad Voeslau,Lower Austria,Austria,Austrian Weigh-off,,,175.10033312875345,134.2838715563146,7.9540067105206,Howden,1,63.309484773110626,light
13087,2014-P,1486,285.2966177899381,"Agnelli, Vasco",,Other,Italy,Pesa la Zucca! Foiano,,,234.1599263728531,247.3626947262924,2.9076402719011,Big Moose,1,129.40826345657362,light
13136,2015-P,1164,520.0743941772514,"Chiti, Davide",,Other,Italy,Pesa la Zucca! Foiano,,,284.18152238908976,474.2318619667005,9.725572021304528,Dill's Atlantic,1,235.90158460364782,medium
13139,2019-P,1674,69.62704175313144,"Grabmayer, Manfred",Bad Voeslau,Lower Austria,Austria,Leiserberge Weigh-off,,,0.0,0.0,0.0,Atlantic Giant,1,31.582269122886395,light
13156,2015-P,1339,435.69834884572606,"Falchi, Brunero",,Other,Italy,Pesa la Zucca! Foiano,,,273.0577755773849,366.26487318555087,12.169052216940008,Spirit,1,197.62928544963057,light
13157,2021-P,372,1164.989280561456,"Team, Gemeinde Tulln",Bad Voeslau,Lower Austria,Austria,Retzer Land Weigh-off,1819 Mendi 19,1225.8 Kurzreiter 20,377.3987041050463,1373.2692484922438,0.0,Atlantic Giant,1,528.429817748432,heavy
13201,2014-P,1285,406.1870534334058,"Cutrupi, Stefano",Castelfiorentino,Other,Italy,Pesa la Zucca! Foiano,,,252.695341995828,373.31502825676654,5.897412928856591,Connecticut Field,1,184.24319794096542,light
13207,2014-P,EXH,1434.4579368573895,"Tinteri, Giovanni",,Tuscany,Italy,Campionato dello Zuccone,1791 Holland,2009 Wallace,418.3380232748846,1597.3427876948006,0.0,Spirit,1,650.658644495017,heavy
13222,2018-P,551,1090.456478252203,"Falchi, Brunero",Sirtori,Lombardy,Italy,Sfida degli Zucconi della Brianza,2269 Paton,1749 Daletas,361.41736131680665,972.264260346342,,Prizewinner,1,494.62233488337324,heavy
13226,2016-P,EXH,658.3305055513551,"Rodler, Bernd",Walperbach,Lower Austria,Austria,Austrian Weigh-off,1975 Wallace,1985 Miller,313.9852425218984,795.427335456424,,Wolf,1,298.6134506740503,medium
13265,2013-P,1377,181.5325115520315,"Salvagni, Augusto",,Other,Italy,Campionato dello Zuccone,899 Cutrupi,Open,0.0,0.0,0.0,Blue Hubbard,1,82.34169497990908,light
13273,2020-P,1378,44.72661242275262,"Schoffnegger, Armin",Ernstbrunn,Lower Austria,Austria,Austrian Weigh-off,,,0.0,0.0,0.0,Champion,1,20.287633582061208,light
13291,2019-P,EXH,310.66792965797487,"Kinast, Berhard",,Lower Austria,Austria,Leiserberge Weigh-off,,,0.0,0.0,0.0,Connecticut Field,1,140.91648754942014,light
13328,2017-P,1386,271.73224987654817,"Wimmer, Maximilian",Dietersdorf,Lower Austria,Austria,Austrian Weigh-off,1864 Wallace 16,1560 Wuersching 16,0.0,0.0,0.0,Casper,1,123.25557468600323,light
13339,2017-P,708,832.1757901821214,"Ramharterr, Rainer",Haag am Hausruck,Upper Austria,Austria,Austrian Weigh-off,1905 Willemijns,,,860.9173344487513,0.0,Dill's Atlantic,1,377.4682810202888,medium
13368,2018-P,859,730.3292473132854,"Grabmayer, Manfred",St. Marien,Upper Austria,Austria,Austrian Weigh-off,793.6 Melka,,0.0,0.0,0.0,Casper,1,331.27150394732774,medium
13435,2020-P,378,1226.9036672445052,"Bartoli, Ivan",Novellara,Emilia-Romagna,Italy,Campionato dello Zuccone,2226 Boonen,Self,380.3062152063496,1216.0216440590016,2.029482629224108,Cinderella,1,556.5136882327696,heavy
13442,2018-P,859,748.5827098727802,"Dorner, Martin",,Upper Austria,Austria,Austrian Weigh-off,793.6 Melka,695 Kaar 17,0.0,0.0,0.0,Howden,1,339.55112853661416,medium
13463,2019-P,443,1139.9830830391168,"Polverini, Giuseppe",Dragoni,Campania,Italy,Campionato dello Zuccone,2012 Salvagni,1911 Urena,367.4182765935451,1108.9700791834864,0.0,Howden,1,517.0872066018791,heavy
13478,2020-P,482,1148.6669564515717,"Hoefler, Norbert",Riederberg,Lower Austria,Austria,Austrian Weigh-off,1080 Melka,1006 Jaglarz,377.3635821202547,1045.1415820198577,7.953108841571873,Dill's Atlantic,1,521.0261421107813,heavy
13493,2014-P,1184,484.9581325187953,"Falchi, Brunero",,Other,Italy,Pesa la Zucca! Foiano,,,278.5445588557658,486.8018325372263,0.0,Rouge Vif d’Etampes,1,219.9731292454654,light
13521,2013-P,1436,128.7188902805344,"Greta e Paolo, Team",Capraia e Limite,Other,Italy,Pesa la Zucca! Foiano,,,168.6393234330952,120.8769546125462,1.021832946886822,Jack O'Lantern,1,58.385858880128154,light
13530,2018-P,1206,468.79408356769113,"Schoeffneger, Armin",Walperbach,Lower Austria,Austria,Austrian Weigh-off,2269 Paton,1784 Stels,,505.75049827475146,0.0,Cinderella,1,212.64124595363614,light
13577,2020-P,424,1134.8250520295796,"Gruber, Niklas",Baerndorf,Lower Austria,Austria,Europameisterschaft im Kurbiswiegen,1527 Melka,1594 Melka,364.9413377643835,1092.7584795646694,3.942241528166454,Big Moose,1,514.7475650002011,heavy
13583,2018-P,EXH,517.6932080887784,"Colombo, Marcello",Malonno,Lombardy,Italy,Festa della zucca di sale,,,278.9202420428578,542.6414722162793,0.0,Spirit,1,234.82149764340517,medium
13586,2019-P,936,581.1242724929459,"Melka, Friedrich",Tulln,Lower Austria,Austria,Leiserberge Weigh-off,,,,0.0,0.0,Howden,1,263.5933210086203,medium
13598,2021-P,602,794.6413027575087,"Langenlois, Gartenbauschule",Riederberg,Vienna,Austria,Leiserberge Weigh-off,1126.6 Melka,2226.7 Boonen,348.91100951261933,870.0344757619265,0.0,Atlantic Giant,1,360.4429378003839,medium
13644,2013-P,455,950.318388485522,"Turmolli, Andrea",Calcio,Other,Italy,Pesa la Zucca! Foiano,,,371.62255331361257,1035.3445481213146,0.0,Howden,1,431.05681846992485,medium
13659,2014-P,1591,159.99049202685242,"Boschi, Valerio",,Other,Italy,Campionato dello Zuccone,952 Bartoli,Open,197.5430043016584,193.84953323234015,0.0,Cinderella,1,72.57040725944404,light
13661,2016-P,EXH,411.6457407804088,"Agostinelli, Paolo",Foiano della chiana,Tuscany,Italy,Campionato dello Zuccone,,,255.57808729179789,408.2511435163852,0.0,Jack O'Lantern,1,186.71921485206718,light
13678,2021-P,1014,382.7866458399575,"Joebstl, Horst",Retz,Lower Austria,Austria,Austrian Weigh-off,888.5 Markl,self,269.3801002594463,423.1241789552003,0.0,Prizewinner,1,173.62896025983798,light
13683,2015-P,731,942.1420371304398,"., Fratelli Mori",,Other,Italy,Campionato dello Zuccone,1254 Bartoli Ivan,1726 Cutrupi,347.1780899180111,867.3423508373105,8.807862812886356,Big Moose,1,427.34809090607047,medium
13696,2015-P,840,749.1809474938098,"Michele, Mori",Lumezzane,Other,Italy,Campionato dello Zuccone,1840 Ghaye,1789 Wallace,312.2763601841344,822.0389409091832,0.0,Howden,1,339.82248433561216,medium
13698,2014-P,872,691.2352165723427,"Liberatori, Lido",Arezzo,Other,Italy,Pesa la Zucca! Foiano,1439 Mathison,,283.3792034036256,494.5001093400135,,Blue Hubbard,1,313.53876435548204,medium
13724,2018-P,1219,494.1604957543393,"Roghi, Alberto",Malonno,Lombardy,Italy,Sfida degli Zucconi della Brianza,"1642,5 Wallace","998,5 Tosoni",273.6786148067157,489.3343500365589,4.9446390611570346,Dill's Atlantic,1,224.14724759020228,light
13736,2018-P,757,854.4544844026074,"LFS Tulln, Team",Waidhofen/Thaya,Lower Austria,Austria,Austrian Weigh-off,JZB 17,,336.4669342552812,896.003063244619,0.0,Casper,1,387.5737184891475,medium
13771,2017-P,714,846.3156855722234,"Schoetzer, Alexander",,Lower Austria,Austria,Austrian Weigh-off,Mathias 16,,350.65258025258623,939.3169238193984,,Big Max,1,383.88202445007596,medium
13819,2015-P,590,1015.296634451578,"Valagussa, Tonino",Dogliani,Other,Italy,Festa della zucca di sale,,,357.2517048890475,1075.797728219448,2.042750897830708,Blue Hubbard,1,460.5304310141602,heavy
13820,2017-P,1113,451.8313764146208,"Bontempi, Emanuela",Cremnago di Inverigo,Lombardy,Italy,Festa della zucca di sale,Vnderwiellen 2004,unknow,275.3056514963744,582.7380098463573,0.0,Atlantic Giant,1,204.94709769066068,light
13841,2016-P,1257,349.01166467578554,"Daniele, Farina",,Tuscany,Italy,Pesa la Zucca! Foiano,,,249.5934697828112,,0.0,Blue Hubbard,1,158.3088990036189,light
13857,2017-P,260,1435.2408460310205,"Squitieri, Danilo",Foiano della Chiana,Tuscany,Italy,Sfida degli Zucconi della Brianza,1975 Wallace,1625 Gantner,392.2795338163247,1206.9016866508946,13.20416815773414,Jack O'Lantern,1,651.0137658329027,heavy
13864,2021-P,619,845.6484160142431,"Forster, Karl",,Upper Austria,Austria,Austrian Weigh-off,1621.5 Marshall,,335.73015608781964,925.244517965622,0.0,Rouge Vif d’Etampes,1,383.57935631673257,medium
13887,2016-P,EXH,1152.8411789484787,"Fratagnoli, Danilo",Rimini,Emilia-Romagna,Italy,Pesa la Zucca! Foiano,,,382.7099465172614,1328.1925179160385,0.0,Big Moose,1,522.9195360415983,heavy
13945,2013-P,1026,401.8736838912965,"Spreafico, Luca",Arezzo,Other,Italy,Pesa la Zucca! Foiano,,,241.6097307697165,370.8093861007243,11.735372215149804,Jack O'Lantern,1,182.28668802362094,light
13949,2014-P,653,841.5345043365678,"Bartoli, Gabriele e Sauro",Marone,Other,Italy,Festa della zucca di sale,,,339.3083642668457,777.0051520346392,2.9076301203891752,Champion,1,381.7133188910325,medium
13965,2018-P,446,1279.8006325752842,"Tinteri, Giovanni",Sirtori,Lombardy,Italy,Festa della zucca di sale,998.7tosoni,1803holke,,1254.254729891103,0.0,Rouge Vif d’Etampes,1,580.5073285310883,heavy
13979,2017-P,1174,420.0475522243771,"Pogna, Lorena",,Lombardy,Italy,Festa della zucca di sale,Cabanon,Cabanon,286.19842865075964,497.1916806090404,0.0,Early Giant,1,190.53020930855965,light
13986,2015-P,882,720.3238863660806,"Cutrupi, Stefano",,Other,Italy,Festa della zucca di sale,,,313.5549026453659,745.6566012260115,3.160337866723584,Early Giant,1,326.7331522645632,medium
13991,2019-P,1437,222.69183245817985,"Chiti, Davide",Poggiridenti,Lombardy,Italy,Sfida degli Zucconi della Brianza,1685 Larue,,212.1277312710409,202.73322984787143,4.065247357219647,Autumn Gold,1,101.0112336683707,light
13995,2013-P,1269,240.5175476844326,"Markl, Michael",,Other,Austria,Austrian Weigh-off,,,0.0,0.0,0.0,Connecticut Field,1,109.09683548927715,light
14011,2018-P,1580,170.94198803644943,"Zucchelli, Michael",Pontedera,Tuscany,Italy,Pesa la Zucca! Foiano,,,200.1490906912948,176.36323783724572,0.0,Connecticut Field,1,77.53791823742917,light
14024,2019-P,509,1038.723839209885,"Pezza, Davide",Rimini,Emilia-Romagna,Italy,Pesa la Zucca! Foiano,,,364.3106559692258,1087.8900903654949,0.0,Autumn Gold,1,471.1568236748902,heavy
14027,2020-P,392,1148.9703594793652,"Moretti, Damiano",Goito,Lombardy,Italy,Sfida degli Zucconi della Brianza,"1997,4 BOONEN HERMAN",self,377.96094243612896,1205.1875185557735,0.0,Cinderella,1,521.1637632969642,heavy
14028,2013-P,1436,135.9288416979886,"Fellner, Herbert",,Other,Austria,Austrian Weigh-off,,,0.0,0.0,0.0,Big Max,1,61.65623516347404,light
14039,2015-P,1773,48.97569466875427,"Zucchelli, Michael",Cologne,Other,Italy,Pesa la Zucca! Foiano,,,129.26158452074145,64.5160564632509,0.0,Champion,1,22.214983296189587,light
14042,2018-P,551,960.986088447655,"Ondelli, Franco",Castello Brianza,Lombardy,Italy,Sfida degli Zucconi della Brianza,2269 Paton,1749 Daletas,336.6606926195652,921.3442870279752,5.180639666530564,Jack O'Lantern,1,435.8956018311487,medium
14061,2020-P,250,1311.602035044717,Team Toellergasse,,Lower Austria,Austria,Early Weigh-off Ludwigsburg,1527 Melka,1411 Melka,408.9868142562085,1571.1679327166464,0.0,Howden,1,594.9321902800033,heavy
14065,2018-P,1083,495.2614205483736,"Puchner, Ulrike",Berndorf,Lower Austria,Austria,Austrian Weigh-off,Mathias,,0.0,0.0,0.0,Spirit,1,224.64661826937788,light
14094,2016-P,1279,369.79570363184007,"Vanneschi, Massimo",Castelvecchio,Lazio,Italy,Campionato dello Zuccone,,,,463.65983415282926,0.0,Champion,1,167.7363728017736,light
14099,2017-P,1436,217.25405389217173,"Loris, Rosati",Casatenovo,Lombardy,Italy,Sfida degli Zucconi della Brianza,unknow,unknow,210.669280845847,206.48726104346056,5.924575651456074,Rouge Vif d’Etampes,1,98.54470081305796,light
14105,2019-P,1004,550.0306092739572,"Kloch, Kevin",Langenlois,Lower Austria,Austria,Austrian Weigh-off,2020.5 Weishaeupl,,289.0659080372953,544.609351017017,1.9976948170892512,Dill's Atlantic,1,249.4894841217928,medium
14132,2015-P,1026,609.9387701851865,"Giustarini, Vinicio",Capri,Campania,Italy,Campionato dello Zuccone,445 De Matteo,Open,272.62213681913187,495.2304010759991,25.237385661525614,Autumn Gold,1,276.6633466458391,medium
14141,2020-P,EXH,742.2118573483988,"Marta, Gervasoni",Peccioli,Tuscany,Italy,Campionato dello Zuccone,923.7 Asta,Open,313.52538892833974,797.234784151013,0.0,Big Moose,1,336.6613607983749,medium
14207,2021-P,135,1658.805587283087,"Rodler, Bernd",,Upper Austria,Austria,Retzer Land Weigh-off,2226.7 BoonenHerman 18,2118 Barron 19,446.1560759906169,1686.113046044065,0.0,Blue Hubbard,1,752.42094394691,heavy
14220,2017-P,1567,62.0475699593447,"Gervason, Andrea",Caiazzo,Campania,Italy,Pesa la Zucca! Foiano,,,145.1610332283821,78.69665293032575,0.0,Champion,1,28.14428135299908,light
14258,2013-P,73,1484.0546166070492,"Turmolli, Andrea",,Other,Italy,Festa della zucca di sale,,1789 Wallace,408.6420914364257,1408.947385931721,1.0096906211435337,Rouge Vif d’Etampes,1,673.1553016560247,heavy
14263,2013-P,603,804.5122709192048,"Guttmann, Johanna",St. Michael,Carinthia,Austria,Austrian Weigh-off,,,333.1700595820889,842.2562106217238,,Jack O'Lantern,1,364.9203299907839,medium
14271,2020-P,EXH,1213.04002460791,"Petrelli, Francesco",Novellara,Emilia-Romagna,Italy,Campionato dello Zuccone,1997 Boonen,707 Garofano,384.060601982028,1215.7482510269278,0.0,Howden,1,550.2252508419512,heavy
14292,2021-P,1349,55.64041213729544,"Raduazzo, Leonardo",Calcio,Lombardy,Italy,Sfida Nazionale della Zucca - Club Maspiano,x,x,0.0,0.0,0.0,Champion,1,25.238045822180116,light
14309,2020-P,1190,234.9343147168275,"Melka, Friedrich",,Lower Austria,Austria,Retzer Land Weigh-off,669 Jaglarz,,214.74594387794045,277.3405748086363,0.0,Autumn Gold,1,106.56432568103521,light
14344,2015-P,1411,411.5890202132621,"Kloch, Kevin",St. Michael,Carinthia,Austria,Austrian Weigh-off,Joebstl,,,0.0,0.0,Autumn Gold,1,186.69348685657397,light
14370,2019-P,EXH,795.4214932977206,"Colombo, Marcello",Pontoglio,Lombardy,Italy,Sfida degli Zucconi della Brianza,"1867,3 BiermansJan",Self,325.55069522073546,849.7800262555304,0.0,Connecticut Field,1,360.7968259878997,medium
14371,2016-P,1648,33.1175685838326,"Wittmann, Franz",Tulln,Lower Austria,Austria,Austrian Weigh-off,,,0.0,0.0,0.0,Wolf,1,15.021864169077796,light
14375,2016-P,1386,301.3744613067544,"Marcelli, Edoardo e Gianluca",Sirtori,Lombardy,Italy,Festa della zucca di sale,,,238.16402739779687,,7.654241466975432,Atlantic Giant,1,136.70104465305334,light
14411,2018-P,559,898.6451742741798,"Team, Bauhof Tulln",Walperbach,Lower Austria,Austria,Austrian Weigh-off,2090.5 Stelts,2269.4 Paton,367.5739446428936,1035.7089594844622,0.0,Autumn Gold,1,407.61826188937374,medium
14451,2015-P,840,819.4108230290204,"Topini, Cinzia",Casatenovo,Other,Italy,Campionato dello Zuccone,1840 Ghaye,1789 Wallace,341.84257516789273,796.3542071506531,0.0,Champion,1,371.67819403937943,medium
14492,2019-P,EXH,215.05236237535445,"Pezza, Davide",Sirtori,Lombardy,Italy,Sfida degli Zucconi della Brianza,"1257,7 Petrelli",Self,214.0831157666926,214.47018713832483,0.0,Atlantic Giant,1,97.54603115456177,light
14520,2020-P,1182,261.83903485863635,"Team, Eichinger",Retz,Lower Austria,Austria,Retzer Land Weigh-off,Jaglarz,,210.9541585963045,266.7625266760693,4.185297219753961,Cinderella,1,118.76809149959858,light
14564,2019-P,633,904.8421503150912,"Thumfort, Mark",Riederberg,Vienna,Austria,Tharinger Meisterschaft,1527 Melka,2230 Wallace,371.41757036744895,1061.1801360883287,0.0,Blue Hubbard,1,410.42916064572285,medium
14602,2014-P,998,616.5760245827901,"Melka, Friedrich",,Other,Austria,Austrian Weigh-off,,,295.58612236496174,620.8272920008392,3.082558418742599,Atlantic Giant,1,279.6739521425569,medium
14624,2017-P,352,1232.458842105223,"Prandi, Giuseppe",Novellara,Emilia-Romagna,Italy,Campionato dello Zuccone,2066 Geddes,1086 Shenoha,394.7015120481494,1410.2994257872083,0.0,Howden,1,559.0334711081923,heavy
14625,2013-P,1512,59.34433371570889,"Fernando, Zecchini",Foiano della Chiana,Tuscany,Italy,Campionato dello Zuccone,899 Cutrupi,Open,0.0,0.0,0.0,Connecticut Field,1,26.91811501877583,light
14675,2017-P,1124,473.1101510287288,"Niccolai, Paolo",,Lombardy,Italy,Sfida degli Zucconi della Brianza,"1790,5 Wallace",,268.4541305234325,445.3881980272784,3.970196416401809,Howden,1,214.59897962542317,light
14677,2016-P,DMG,660.9580987395491,Team Maggioni,Castelvecchio,Lazio,Italy,Campionato dello Zuccone,,,307.4408459536915,698.5486183453488,0.0,Rouge Vif d’Etampes,1,299.8053059234695,medium
14687,2015-P,1247,498.8499984547949,"Dorner, Martin",,Other,Austria,Austrian Weigh-off,1391 Wuersching,,284.0420225252163,527.1526165500628,0.0,Champion,1,226.27436849910734,light
14715,2014-P,892,690.6010272384269,"Tosoni, Matteo",Arezzo,Other,Italy,Pesa la Zucca! Foiano,,,334.9765536556188,727.7115074198498,0.0,Rouge Vif d’Etampes,1,313.25110114713254,medium
14754,2014-P,483,1152.82627993298,"Joebstl, Horst",Walpersbach,Other,Austria,Austrian Weigh-off,1474 Mathias,,384.06989555186345,1082.0940333254298,0.0,Big Moose,1,522.9127779673603,heavy
14755,2019-P,1512,197.6470668208269,"Bonanomi, Vittorio",Sale Marasino,Lombardy,Italy,Sfida degli Zucconi della Brianza,"1761,5 Cutrupi",Self,203.02821257138007,181.56721410017744,4.970192063969071,Cinderella,1,89.6511283333925,light
14762,2013-P,1198,305.7953799744795,"Sartini, Valerio",,Other,Italy,Pesa la Zucca! Foiano,,,,302.3074154886929,2.9288823248626565,Big Moose,1,138.7063379933841,light
14766,2013-P,1495,85.25416478622573,"Topini, Giuseppe",,Other,Italy,Pesa la Zucca! Foiano,,,160.7755541587397,102.35271516686431,0.0,Rouge Vif d’Etampes,1,38.6706071137137,light
14772,2018-P,DMG,588.630908842267,"Prandi, Giuseppe",Sale Marasino,Lombardy,Italy,Festa della zucca di sale,1949 haist,self,285.2847142485636,585.042135873501,0.0,Blue Hubbard,1,266.99827120358157,medium
14779,2014-P,933,701.8606709452329,"Martin, Lacina",Dietersdorf,Lower Austria,Austria,Austrian Weigh-off,2032 Mathison,open,336.58140945460315,796.4186904007709,0.0,Spirit,1,318.3583854553901,medium
14789,2015-P,1209,571.3647468626166,"Daniele, Farina",Vinci,Tuscany,Italy,Pesa la Zucca! Foiano,,,313.6654405568142,594.3289998487745,,Jack O'Lantern,1,259.166478258908,medium
14794,2021-P,1005,397.0813856298649,"Wittmann, Franz",Doerfles,Lower Austria,Austria,Leiserberge Weigh-off,Lancaster 19,1679 Stelts 17,244.2590925832026,378.3531038003901,4.895077376962469,Cinderella,1,180.11293987062166,light
14816,2021-P,602,893.1928723591598,"Aininger, Gerald",Wien,Vienna,Austria,Leiserberge Weigh-off,1126.6 Melka,2226.7 Boonen,338.08940416547154,958.4874331397656,0.0,Spirit,1,405.145141359136,medium
14829,2016-P,848,781.6401738850353,"Asta, Carmelo",Viarigi,Piedmont,Italy,Pesa la Zucca! Foiano,,,389.1042593366341,1252.7413751861916,0.0,Connecticut Field,1,354.54572975286095,medium
14833,2014-P,1048,626.6041596843666,"Chiti, Davide",,Other,Italy,Pesa la Zucca! Foiano,,,316.2980889712165,656.2159181010674,0.0,Connecticut Field,1,284.2226339995512,medium
14837,2013-P,145,1209.774555025537,"Kurzreiter, Lukas",Riederberg,Lower Austria,Austria,Austrian Weigh-off,934 Schieder 11,1140 Finders 11,369.2521373557924,1127.8727607792578,9.557155369649943,Prizewinner,1,548.7440599631434,heavy
14854,2016-P,1120,568.3054177586865,"Gabriele and Sauro, Bartoli",,Other,Italy,Campionato dello Zuccone,,,289.6218282996237,579.5252166374559,0.0,Jack O'Lantern,1,257.77879105199816,medium
14858,2019-P,1287,321.2436245902368,"Rodler, Bernd",Schiltern,Lower Austria,Austria,Gartenbauschule Langenlois,1080.9 Melka,,250.50772117156524,342.97433809929163,0.0,Wolf,1,145.71353816513468,light
14863,2019-P,1721,27.725140387565716,"Reischer, Melanie",Tulln,Lower Austria,Austria,Leiserberge Weigh-off,,,0.0,0.0,0.0,Jack O'Lantern,1,12.575901878676708,light
14877,2013-P,1142,323.6623438675207,"Chiatti, Carla",,Other,Italy,Pesa la Zucca! Foiano,,,246.3331492134622,320.3121144247156,0.9750091342554964,Howden,1,146.81064987955645,light
14882,2019-P,710,754.9058348963601,"Jaglarz, Mario",Riederberg,Lower Austria,Austria,Austrian Weigh-off,Karkos 2018,,338.589872433283,784.8390628228407,0.0,Casper,1,342.4192474623098,medium
14895,2019-P,1719,30.376345022602976,"Thumfort, Daniel",Gross Gerungs,Lower Austria,Austria,Leiserberge Weigh-off,,,0.0,0.0,0.0,Jack O'Lantern,1,13.778467091492528,light
14948,2014-P,995,562.0615360667013,"Jaglarz, Mario",Gols,Burgenland,Austria,Austrian Weigh-off,,,276.0447876319373,575.3727584852143,4.877873567588465,Early Giant,1,254.94661626756715,medium
14949,2014-P,1599,146.82541327969437,"Briini, Bruno-Tiziana-Gino",Lumezzane,Other,Italy,Festa della zucca di sale,,,183.98420601075023,162.68201326724426,0.0,Connecticut Field,1,66.59883286036313,light
14958,2019-P,700,876.0073716942868,"Zucchelli, Michael",Peccioli,Tuscany,Italy,Campionato dello Zuccone,2012 Salvagni,Self,344.1060821502239,913.8789476405,0.0,Casper,1,397.34993574155493,medium
14973,2013-P,1193,310.18644612992483,"Raduazzo, Leonardo",Cologne,Other,Italy,Campionato dello Zuccone,899 Cutrupi,Open,0.0,0.0,0.0,Howden,1,140.69809047296485,light
14976,2020-P,847,666.9845702519669,"Gangl, Markus",,Lower Austria,Austria,Austrian Weigh-off,2138 Biermans,self,311.4808906289056,674.4175741250015,4.042490804975081,Autumn Gold,1,302.5388651897302,medium
14992,2014-P,1720,65.64659991746275,"Battista, Gregori",Poggiridenti,Lombardy,Italy,Festa della zucca di sale,,,,71.12214955786354,,Howden,1,29.776772549761763,light
14993,2019-P,106,1626.6095278074297,"Reischer, Lena und Melanie",Riederberg,Lower Austria,Austria,Austrian Weigh-off,2230 Wallace,2255 Zaychowsky,466.8426572293735,1827.911341582748,0.0,Blue Hubbard,1,737.8170689372276,heavy
15008,2020-P,1023,425.39014696649554,"Fellner, Herbert",Riederberg,Lower Austria,Austria,Austrian Weigh-off,Wallace,,262.90441558978284,373.0535568403509,9.256015711415603,Big Max,1,192.95356754282665,light
15023,2015-P,1237,502.1046101986084,"Castelli, Carlo",Perugia,Other,Italy,Campionato dello Zuccone,1254 Bartoli,Open,287.32087407124743,538.6516488353743,0.0,Early Giant,1,227.75063434920716,medium
15087,2013-P,1163,330.21922178871444,"Asta, Carmelo",Arezzo,Other,Italy,Pesa la Zucca! Foiano,,,244.04055372406208,313.0567535095068,3.057110959621935,Big Max,1,149.78479724958655,light
15092,2014-P,533,980.6426548998172,"JZB, Rupert Reischer",,Other,Austria,Austrian Weigh-off,1749 Hanschmann,1222 Wuersching,349.8060922353176,996.3406181554664,2.0140752769314907,Early Giant,1,444.8116631213179,medium
15143,2013-P,877,535.9052893775471,"Schofnegger, Armin",Brunn am Gebirge,Other,Austria,Austrian Weigh-off,1216 Schieder 12,,0.0,0.0,0.0,Big Moose,1,243.08235201934033,medium
15165,2016-P,DMG,1380.4883551623634,"Moretti, Damiano",Radda in Chianti,Tuscany,Italy,Pesa la Zucca! Foiano,,,394.4950639148933,1457.25667430311,0.0,Prizewinner,1,626.1784739948067,heavy
15236,2013-P,1483,100.92521868166372,"Topini, Giuseppe",Foiano della Chiana,Other,Italy,Pesa la Zucca! Foiano,,,160.4960762943939,111.07981301163872,0.0,Spirit,1,45.77887179225321,light
15254,2019-P,EXH,690.964354175523,"Benedikt, Maria",,Lower Austria,Austria,Gartenbauschule Langenlois,2255 Zachowsky,2230 Wallace,315.4365647896821,749.1129287934225,0.0,Jack O'Lantern,1,313.41590333918384,medium
15265,2019-P,50,1823.62297554035,"Zucchelli, Michael",Foiano della Chiana,Tuscany,Italy,Campionato dello Zuccone,1911 Urena,2096 Meier,449.30621237807486,1766.4502650652278,0.0,Jack O'Lantern,1,827.1807927212984,heavy
15273,2019-P,1627,94.15954966042766,"Tosoni, Matteo",Foiano della chiana,Tuscany,Italy,Pesa la Zucca! Foiano,,,146.5002363639399,95.61233418517628,9.693224687977512,Autumn Gold,1,42.7100184495727,light
15288,2015-P,1325,478.9273238219942,"Petricci, Ass. Campanile Petricci",Castelfiorentino,Tuscany,Italy,Campionato dello Zuccone,,,268.9294822237624,439.37541017695634,4.91968555338781,Wolf,1,217.237602667066,light
15295,2013-P,1436,136.0981043910745,"Valentini, Maurizio",Lumezzane,Other,Italy,Pesa la Zucca! Foiano,,,162.9411326547259,135.8130982525494,0.9662561693687256,Champion,1,61.733011366956255,light
15304,2018-P,1185,534.1923506690148,"Markl, Michael",Riederberg,Lower Austria,Austria,Austrian Weigh-off,1784 Stels 17,2269 Paton,268.41011725280845,531.3114322144065,1.0257930529308563,Jack O'Lantern,1,242.30537672465977,medium
15307,2016-P,1648,37.71636311686887,"Vodka Melone, Team",Gross Gerungs,Lower Austria,Austria,Austrian Weigh-off,,,0.0,0.0,0.0,Early Giant,1,17.107840578906785,light
15311,2013-P,1152,346.98129937172286,"Romoli, Siria",Novellara,Other,Italy,Campionato dello Zuccone,899 Cutrupi,Open,0.0,0.0,0.0,Big Max,1,157.3879415446185,light
15318,2020-P,820,631.4639630433343,"Ondelli, Franco",Semproniano,Tuscany,Italy,Pesa la Zucca! Foiano,,,280.7852595993491,571.5105106569664,8.911153132718901,Big Max,1,286.42700192475206,medium
15322,2017-P,DMG,320.7727842687696,"Cassella, Salvatore",Radda in Chianti,Tuscany,Italy,Campionato dello Zuccone,1521 Cutrupi,Open,243.86621055119105,350.3454039394158,0.0,Blue Hubbard,1,145.49996876203974,light
15325,2019-P,1533,165.3038865234084,"Puchner, Thomas",,Lower Austria,Austria,Gartenbauschule Langenlois,1311.1 Matthias,sibb,218.96363075020335,261.58258130469443,0.0,Champion,1,74.98052049592587,light
15351,2019-P,1596,130.81923108308584,"Andrea, Gervasoni",Casatenovo,Lombardy,Italy,Sfida degli Zucconi della Brianza,1867.3 BiermansJan,Self,174.62433127337388,107.19454573474188,17.846016077868413,Autumn Gold,1,59.33855666543907,light
15352,2020-P,408,1156.0637122327553,"Melka, Friedrich",Riederberg,Vienna,Austria,Austrian Weigh-off,1527 Melka,1542 Urena,381.16596519665,1137.7615464093906,2.0150839921944725,Early Giant,1,524.3812513590799,heavy
15356,2019-P,1006,534.4811892530112,"Prandi, Giuseppe",Goito,Lombardy,Italy,Sfida Nazionale della Zucca - Club Maspiano,,,287.11747559287073,584.6281526772749,0.0,Casper,1,242.43639159565183,medium
15361,2014-P,1715,68.23972972857,"Cutrupi, Stefano",Arezzo,Other,Italy,Pesa la Zucca! Foiano,,,141.2611945473845,81.25261629180703,,Early Giant,1,30.952995487041523,light
15381,2020-P,711,757.9127247406361,"Colombo, Giacomo",Ambra,Tuscany,Italy,Campionato dello Zuccone,923.7 Asta,Open,323.0251686847101,751.1352090713281,0.0,Atlantic Giant,1,343.7831486405546,medium
15383,2013-P,880,547.1462066292036,"Tosoni, Matteo",Reggio Emilia,Other,Italy,Festa della zucca di sale,1025 Bartoli,1610 Cotter,264.0348521802991,470.94760662853486,12.86590056121764,Connecticut Field,1,248.1811421573537,medium
15385,2014-P,544,951.5756075100692,"Loda, Flavio",,Other,Italy,Festa della zucca di sale,1180 Bartoli,open,353.5983018044611,977.4271011594052,0.0,Casper,1,431.6270829617073,medium
15422,2014-P,1686,87.12008876571355,"Spreafico, Luca",,Other,Italy,Festa della zucca di sale,,,126.72002894737442,59.50214491092087,35.510820525759094,Cinderella,1,39.51697530341754,light
15495,2016-P,1373,315.1128193005304,"Vendepane, Giulio",Castelfiorentino,Tuscany,Italy,Campionato dello Zuccone,,,236.48147911434475,310.99057903795125,7.332069415744481,Dill's Atlantic,1,142.9326539321662,light
15509,2014-P,761,763.2657783980557,"Tosoni, Matteo",,Other,Italy,Festa della zucca di sale,,,272.7682397152236,547.7737999093165,47.3068131785602,Champion,1,346.2112509551309,medium
15529,2018-P,1500,255.12392314720483,"Stefano, Tosi",Terricciola,Tuscany,Italy,Campionato dello Zuccone,,,214.08891803774893,,,Casper,1,115.72217054818694,light
15546,2014-P,273,1356.8933192827749,"Seri, Remo",,Other,Italy,Pesa la Zucca! Foiano,1874.5 Mathison,1625 Ganter,419.8918998284868,1314.021918411742,0.0,Wolf,1,615.4759544801124,heavy
15577,2017-P,1051,538.8989220020093,"Prandi, Giuseppe",Sulzano,Lombardy,Italy,Festa della zucca di sale,unknow,unknow,273.50708255056844,547.314461699597,1.0163482613259518,Howden,1,244.4402398287354,medium
15641,2018-P,524,1128.3985380712163,"Peebes, Gianni",Goito,Lombardy,Italy,Sfida degli Zucconi della Brianza,"2016,60 Boonenherman",Self,374.816372167044,1033.4739373442403,4.984092943990521,Big Moose,1,511.83254968079916,heavy
15665,2020-P,1132,295.42594514920154,"Melka, Friedrich",Ernstbrunn,Lower Austria,Austria,Leiserberge Weigh-off,2020 Weishaeupl,self,0.0,0.0,0.0,Wolf,1,134.00284531211662,light
15667,2014-P,775,766.31056502791,"Colombo, Marcello",Novellara,Other,Italy,Pesa la Zucca! Foiano,,,311.32990312057086,763.4115109329872,6.263316976676286,Big Moose,1,347.59234181213975,medium
15691,2015-P,1721,116.66463743108832,"Joebstl, Horst",St. Michael,Carinthia,Austria,Austrian Weigh-off,679 Joebstl 14,,0.0,0.0,0.0,Blue Hubbard,1,52.91814622164222,light
15722,2019-P,EXH,739.9293799923572,"Jaglarz, Mario",Bad Voeslau,Lower Austria,Austria,Gartenbauschule Langenlois,2255 Zachowsky,2230 Wallace,323.20380261619533,820.3821135241194,0.0,Big Max,1,335.6260473294933,medium
15809,2014-P,930,659.0167077008722,"Nassi-Pisani, Elena-Francesco",Marone,Other,Italy,Festa della zucca di sale,,,320.86218773853483,706.784631114946,0.0,Blue Hubbard,1,298.924706479454,medium
15829,2015-P,1738,97.95524547219918,"Topini, Cinzia",,Other,Italy,Festa della zucca di sale,,,0.0,0.0,0.0,Big Moose,1,44.43171570422577,light
15844,2015-P,1702,141.62953274533143,"Gabriele  e sauro, Bartoli",,Other,Italy,Campionato dello Zuccone,1254 Bartoli,Open,178.5406888695415,134.068818861455,2.910982300060997,Champion,1,64.24202301702037,light
15874,2020-P,59,2039.9387982838505,"Bruno, Ondelli",Semproniano,Tuscany,Italy,Sfida degli Zucconi della Brianza,2114 Wallace,self,447.0706840572587,1753.008038706589,7.857769043322095,Prizewinner,1,925.2999193911683,heavy
15901,2016-P,1035,589.6880557652735,"Musso, Stefano",Goito,Lombardy,Italy,Festa della zucca di sale,1813 northrup,,288.1294354872355,488.1567767230844,16.64462844941788,Cinderella,1,267.47778459068195,medium
15907,2016-P,1648,33.43781584709846,"Jaglarz, Mario",Tulln,Lower Austria,Austria,Austrian Weigh-off,,,0.0,,0.0,Wolf,1,15.167125765717087,light
15910,2019-P,184,1460.9283642745092,"Bontempi, Emanuela",Casatenovo,Lombardy,Italy,Sfida degli Zucconi della Brianza,2145 McMullen,1810 Werner,407.6691555675765,1420.6914089929116,6.257247000176847,Early Giant,1,662.6654186080032,heavy
15947,2015-P,1721,111.32577107953972,"Wischer, Andreas",St. Margarethen,Carinthia,Austria,Austrian Weigh-off,679 Joebstl 14,,0.0,0.0,0.0,Howden,1,50.49647915551058,light
